,precision,recall,thresholds
0,0.0700280112044818,1.0,4.002607471598597
1,0.06937631394533987,0.99,4.0320151295297775
2,0.0694249649368864,0.99,4.051389110876993
3,0.06947368421052631,0.99,4.138027812555908
4,0.06952247191011236,0.99,4.145931506108616
5,0.06957132817990162,0.99,4.149961411729378
6,0.06962025316455696,0.99,4.152015527830674
7,0.06966924700914849,0.99,4.1522627913458185
8,0.06971830985915493,0.99,4.154923760016169
9,0.06976744186046512,0.99,4.155891873236886
10,0.06981664315937941,0.99,4.162815704268274
11,0.06986591390261115,0.99,4.169229788034064
12,0.06991525423728813,0.99,4.2300556708126695
13,0.06996466431095406,0.99,4.234477392529243
14,0.07001414427157002,0.99,4.24159745437734
15,0.07006369426751592,0.99,4.263884431225715
16,0.07011331444759207,0.99,4.264271913752801
17,0.07016300496102056,0.99,4.313471545601853
18,0.07021276595744681,0.99,4.314107180710321
19,0.07026259758694109,0.99,4.330067456727641
20,0.0703125,0.99,4.334054247667759
21,0.07036247334754797,0.99,4.3365169966853525
22,0.07041251778093884,0.99,4.342145720788621
23,0.0704626334519573,0.99,4.347270610363478
24,0.07051282051282051,0.99,4.347290372455691
25,0.07056307911617961,0.99,4.35586593897094
26,0.07061340941512126,0.99,4.364016758919797
27,0.07071428571428572,0.99,4.402342246727605
28,0.07076483202287348,0.99,4.409553929616355
29,0.07081545064377683,0.99,4.4134192242836185
30,0.07086614173228346,0.99,4.437406799733519
31,0.07091690544412607,0.99,4.445999707951956
32,0.07096774193548387,0.99,4.449900147610338
33,0.07101865136298421,0.99,4.458307859900725
34,0.07106963388370424,0.99,4.461109787645851
35,0.07117181883537024,0.99,4.474770460844481
36,0.07122302158273382,0.99,4.482264980026695
37,0.07127429805615551,0.99,4.488448018913874
38,0.07132564841498559,0.99,4.489109679559808
39,0.07137707281903388,0.99,4.489605519280755
40,0.07142857142857142,0.99,4.490225417155856
41,0.07148014440433213,0.99,4.492239668476818
42,0.07153179190751445,0.99,4.495564369066332
43,0.07158351409978309,0.99,4.49705262491767
44,0.07163531114327062,0.99,4.498072720413695
45,0.07168718320057929,0.99,4.500000009805172
46,0.07173913043478261,0.99,4.500094539132076
47,0.07106598984771574,0.98,4.502378078649164
48,0.07039187227866474,0.97,4.502695554450751
49,0.07044299201161947,0.97,4.505439056670392
50,0.07049418604651163,0.97,4.5069361844168405
51,0.07054545454545455,0.97,4.51117550885288
52,0.07059679767103348,0.97,4.51483103731563
53,0.07064821558630735,0.97,4.525839513957743
54,0.0706997084548105,0.97,4.528961682222733
55,0.07075127644055434,0.97,4.528968678694782
56,0.0708029197080292,0.97,4.530736548623233
57,0.07085463842220599,0.97,4.5314941413070455
58,0.07090643274853801,0.97,4.539444723057729
59,0.07095830285296269,0.97,4.556714271897514
60,0.07101024890190337,0.97,4.560256528271601
61,0.07106227106227106,0.97,4.568302224615975
62,0.07111436950146628,0.97,4.570507591560848
63,0.07116654438738078,0.97,4.574058388734987
64,0.07121879588839941,0.97,4.579398061874935
65,0.07127112417340191,0.97,4.606389923099153
66,0.0713235294117647,0.97,4.611953953110421
67,0.07137601177336277,0.97,4.612903604573735
68,0.07142857142857142,0.97,4.6151278838755365
69,0.07148120854826824,0.97,4.616018545489384
70,0.0715339233038348,0.97,4.618788816462531
71,0.07158671586715867,0.97,4.622905151066207
72,0.07163958641063516,0.97,4.6246404498596565
73,0.07169253510716925,0.97,4.627628827418218
74,0.07174556213017752,0.97,4.635164022779669
75,0.07179866765358993,0.97,4.637439203755421
76,0.07185185185185185,0.97,4.644807530203549
77,0.07190511489992588,0.97,4.645087924235549
78,0.07195845697329377,0.97,4.645257678216493
79,0.07201187824795843,0.97,4.64709794245092
80,0.07206537890044576,0.97,4.647464978226067
81,0.07211895910780669,0.97,4.650733479105572
82,0.07217261904761904,0.97,4.662350209274873
83,0.07222635889798958,0.97,4.665245531724094
84,0.07228017883755589,0.97,4.666100040773972
85,0.07233407904548844,0.97,4.668451841332426
86,0.07164179104477612,0.96,4.676156578892127
87,0.07169529499626587,0.96,4.6903323354296536
88,0.07174887892376682,0.96,4.695027653894603
89,0.07180254300673149,0.96,4.69806356083996
90,0.0718562874251497,0.96,4.698141353010668
91,0.07191011235955057,0.96,4.698350271852859
92,0.07196401799100449,0.96,4.700446665427491
93,0.07201800450112528,0.96,4.700481060877528
94,0.07207207207207207,0.96,4.7046541496903815
95,0.07137490608564989,0.95,4.706506147933342
96,0.07142857142857142,0.95,4.708819502419088
97,0.07148231753197894,0.95,4.713442908667666
98,0.07153614457831325,0.95,4.714144714349244
99,0.07159005275056518,0.95,4.715325848431365
100,0.07088989441930618,0.94,4.7168207369151816
101,0.0709433962264151,0.94,4.719110493021501
102,0.0702416918429003,0.93,4.719820939811308
103,0.07029478458049887,0.93,4.721707637254483
104,0.07034795763993948,0.93,4.723248985657577
105,0.07040121120363362,0.93,4.7246522344319475
106,0.07045454545454545,0.93,4.7365964505841145
107,0.07050796057619409,0.93,4.742157882319403
108,0.07056145675265554,0.93,4.742504051097738
109,0.07061503416856492,0.93,4.746969670844505
110,0.07066869300911854,0.93,4.747999952930917
111,0.07072243346007605,0.93,4.750024326865519
112,0.07077625570776255,0.93,4.750280572652062
113,0.07083015993907082,0.93,4.7523835240335615
114,0.07088414634146341,0.93,4.75726442337203
115,0.07093821510297482,0.93,4.760903894565471
116,0.07099236641221374,0.93,4.769314891573236
117,0.07104660045836517,0.93,4.770609133322919
118,0.07110091743119266,0.93,4.771634259850939
119,0.07115531752104055,0.93,4.772612272079095
120,0.07120980091883614,0.93,4.77719941795978
121,0.07126436781609195,0.93,4.778121037589998
122,0.07131901840490798,0.93,4.778644544521753
123,0.0713737528779739,0.93,4.779145126342426
124,0.07142857142857142,0.93,4.78045000241592
125,0.07148347425057648,0.93,4.784931831738072
126,0.07153846153846154,0.93,4.786648457051676
127,0.07159353348729793,0.93,4.787852861121568
128,0.07164869029275808,0.93,4.789358745748954
129,0.07170393215111796,0.93,4.790497585507335
130,0.07175925925925926,0.93,4.791180639868417
131,0.07181467181467181,0.93,4.7918310636782175
132,0.07187017001545595,0.93,4.7939297459922585
133,0.07192575406032482,0.93,4.797430209894465
134,0.07198142414860681,0.93,4.799503564874566
135,0.07203718048024788,0.93,4.803179615572693
136,0.07209302325581396,0.93,4.805019076290302
137,0.0721489526764934,0.93,4.808970092169012
138,0.07220496894409938,0.93,4.809175935364478
139,0.07226107226107226,0.93,4.81604774225017
140,0.07231726283048212,0.93,4.818858111250514
141,0.07237354085603113,0.93,4.819295342578012
142,0.07242990654205607,0.93,4.821223082600255
143,0.0724863600935308,0.93,4.828485976305583
144,0.07254290171606864,0.93,4.828931319029827
145,0.07259953161592506,0.93,4.829209061650818
146,0.07265625,0.93,4.830580001131988
147,0.07276995305164319,0.93,4.8312715863653874
148,0.07282693813625685,0.93,4.831848816207293
149,0.07288401253918496,0.93,4.8336004441538325
150,0.07294117647058823,0.93,4.834309382327975
151,0.07299843014128729,0.93,4.841474326065454
152,0.07305577376276512,0.93,4.843120615781556
153,0.07232704402515723,0.92,4.844429529933289
154,0.07238394964594808,0.92,4.8480786749457785
155,0.07244094488188976,0.92,4.848995155585442
156,0.07249802994483845,0.92,4.849227905694753
157,0.07255520504731862,0.92,4.8521929701175335
158,0.07261247040252565,0.92,4.8543693709264275
159,0.07266982622432859,0.92,4.854435478952825
160,0.07272727272727272,0.92,4.855297130335954
161,0.0728424386381631,0.92,4.855345256822101
162,0.07290015847860538,0.92,4.862318149016192
163,0.07295796986518636,0.92,4.866095258756973
164,0.07301587301587302,0.92,4.86985649278216
165,0.07307386814932486,0.92,4.872400686148307
166,0.07313195548489666,0.92,4.872496326755724
167,0.0732484076433121,0.92,4.873120825982986
168,0.07330677290836653,0.92,4.874507461067398
169,0.0733652312599681,0.92,4.878392768056528
170,0.07342378292098962,0.92,4.8795554607123846
171,0.07348242811501597,0.92,4.880262334381351
172,0.07354116706634692,0.92,4.882582611770465
173,0.0736,0.92,4.8839755974558665
174,0.07365892714171338,0.92,4.884925355039021
175,0.07371794871794872,0.92,4.887054611108926
176,0.07377706495589414,0.92,4.891671713560587
177,0.0738362760834671,0.92,4.895840271804581
178,0.07389558232931727,0.92,4.8981294926922985
179,0.07395498392282958,0.92,4.89871182723247
180,0.07401448109412712,0.92,4.900000020198962
181,0.07407407407407407,0.92,4.9000000216707
182,0.07413376309427881,0.92,4.9000000313224525
183,0.07419354838709677,0.92,4.902178646221922
184,0.07425343018563357,0.92,4.903300550511862
185,0.07431340872374798,0.92,4.9057989488923335
186,0.07437348423605497,0.92,4.906821892548028
187,0.0744336569579288,0.92,4.910050969765446
188,0.07449392712550608,0.92,4.919268398390928
189,0.07455429497568881,0.92,4.919891644551583
190,0.07467532467532467,0.92,4.931201403743252
191,0.07473598700243704,0.92,4.931563519712419
192,0.07479674796747968,0.92,4.934753312868535
193,0.07485760781122865,0.92,4.937145959092884
194,0.0749185667752443,0.92,4.938258898259477
195,0.07497962510187449,0.92,4.939325028939432
196,0.07504078303425775,0.92,4.939564947162169
197,0.07510204081632653,0.92,4.9416154455455965
198,0.07516339869281045,0.92,4.943167104107938
199,0.07522485690923958,0.92,4.945768862510215
200,0.07528641571194762,0.92,4.964557186710602
201,0.07534807534807535,0.92,4.968063488644233
202,0.07547169811320754,0.92,4.976490623732666
203,0.0755336617405583,0.92,4.980094393990163
204,0.07559572719802794,0.92,4.982347010849175
205,0.0756578947368421,0.92,4.986624088325447
206,0.0757201646090535,0.92,4.987058608406912
207,0.07584501236603462,0.92,4.9874799665679665
208,0.07590759075907591,0.92,4.988294270171535
209,0.07597027250206441,0.92,4.990203315471857
210,0.07520661157024794,0.91,4.990988686171773
211,0.07444168734491315,0.9,4.993055903617578
212,0.07450331125827815,0.9,4.998241466523008
213,0.07456503728251865,0.9,5.002565950313957
214,0.07462686567164178,0.9,5.006672128216996
215,0.07468879668049792,0.9,5.008910007710977
216,0.07475083056478406,0.9,5.009503476226267
217,0.07481296758104738,0.9,5.0097071949857535
218,0.07487520798668885,0.9,5.012202892898461
219,0.0749375520399667,0.9,5.013710460229162
220,0.075,0.9,5.015073115797558
221,0.0750625521267723,0.9,5.017036954807551
222,0.07512520868113523,0.9,5.021529069218822
223,0.07518796992481203,0.9,5.024313956191362
224,0.07525083612040134,0.9,5.024580346051313
225,0.07531380753138076,0.9,5.025375216286323
226,0.07537688442211055,0.9,5.025717063461328
227,0.07544006705783739,0.9,5.026510128475383
228,0.07466442953020135,0.89,5.027185560137707
229,0.07388748950461797,0.88,5.028121883885498
230,0.07394957983193277,0.88,5.029623022358551
231,0.07401177460050462,0.88,5.035210975802261
232,0.07407407407407407,0.88,5.035733571753964
233,0.07413647851727043,0.88,5.038734200086275
234,0.07419898819561552,0.88,5.041466118170821
235,0.07426160337552742,0.88,5.042788845364563
236,0.07432432432432433,0.88,5.0448364610433165
237,0.07438715131022823,0.88,5.045691894320667
238,0.07445008460236886,0.88,5.048091016154388
239,0.07451312447078746,0.88,5.04853382377
240,0.07457627118644068,0.88,5.050521520964466
241,0.07463952502120441,0.88,5.0534163550231535
242,0.07470288624787776,0.88,5.055515222963246
243,0.07476635514018691,0.88,5.057309748188095
244,0.0748936170212766,0.88,5.058902490860826
245,0.07495741056218058,0.88,5.0600478645460285
246,0.07502131287297528,0.88,5.060313967866418
247,0.07508532423208192,0.88,5.066994624563038
248,0.07514944491887275,0.88,5.068993132567337
249,0.07521367521367521,0.88,5.0696467974319415
250,0.07527801539777587,0.88,5.069737757203453
251,0.07534246575342465,0.88,5.070224079789795
252,0.07455012853470437,0.87,5.0722792870797715
253,0.07461406518010291,0.87,5.076576730944483
254,0.07467811158798283,0.87,5.076755609553502
255,0.07474226804123711,0.87,5.078692348466676
256,0.07480653482373173,0.87,5.079785681021855
257,0.07487091222030981,0.87,5.0815171823363885
258,0.07493540051679587,0.87,5.082117233907251
259,0.075,0.87,5.084841342860209
260,0.07506471095772217,0.87,5.086324692787878
261,0.07512953367875648,0.87,5.086931749473297
262,0.07519446845289542,0.87,5.088572144698422
263,0.07525951557093426,0.87,5.090820154506245
264,0.07532467532467532,0.87,5.092929048898141
265,0.07538994800693241,0.87,5.095654841070581
266,0.07545533391153512,0.87,5.097105596648543
267,0.07552083333333333,0.87,5.0997828530812965
268,0.07558644656820157,0.87,5.099956341658613
269,0.07565217391304348,0.87,5.100594929628809
270,0.07571801566579635,0.87,5.101677679185701
271,0.07578397212543554,0.87,5.101806615925842
272,0.07585004359197908,0.87,5.103555717357071
273,0.07591623036649214,0.87,5.10684893603954
274,0.07598253275109171,0.87,5.107171332784357
275,0.07604895104895106,0.87,5.107584665067823
276,0.07611548556430446,0.87,5.108749294383618
277,0.07618213660245184,0.87,5.111052438840017
278,0.07624890446976336,0.87,5.1123548321048204
279,0.07631578947368421,0.87,5.1131697797111695
280,0.07638279192273925,0.87,5.114114258606257
281,0.07644991212653779,0.87,5.114259192648636
282,0.07651715039577836,0.87,5.1147487775933875
283,0.07658450704225352,0.87,5.115527690587838
284,0.07665198237885462,0.87,5.115772820981738
285,0.07671957671957672,0.87,5.115858582538035
286,0.07678729037952339,0.87,5.1166752951690615
287,0.07685512367491167,0.87,5.118285263590085
288,0.07692307692307693,0.87,5.119625977172783
289,0.07699115044247788,0.87,5.1204931262214926
290,0.07705934455270151,0.87,5.120528502908376
291,0.07712765957446809,0.87,5.121197446443643
292,0.0771960958296362,0.87,5.122580559834892
293,0.07726465364120781,0.87,5.122804281758
294,0.07733333333333334,0.87,5.1268353751937585
295,0.07740213523131673,0.87,5.129203995355477
296,0.07658058771148708,0.86,5.129602243427168
297,0.0766488413547237,0.86,5.1321751890552125
298,0.0767172167707404,0.86,5.132364784948409
299,0.07678571428571429,0.86,5.1324625539248006
300,0.07685433422698838,0.86,5.133228939671163
301,0.07692307692307693,0.86,5.133597909528612
302,0.07699194270367055,0.86,5.1338694798546065
303,0.07706093189964158,0.86,5.134411399468673
304,0.07713004484304933,0.86,5.134792020790818
305,0.0763016157989228,0.85,5.135257217523956
306,0.07637017070979335,0.85,5.1371480045117135
307,0.0764388489208633,0.85,5.138570778992744
308,0.07650765076507651,0.85,5.139132835808342
309,0.07657657657657657,0.85,5.14041703177378
310,0.07664562669071236,0.85,5.1429454030099535
311,0.07671480144404332,0.85,5.144219670710171
312,0.07678410117434507,0.85,5.144655930635366
313,0.07685352622061482,0.85,5.144714805212087
314,0.07692307692307693,0.85,5.145427600430348
315,0.0769927536231884,0.85,5.145671656475005
316,0.0770625566636446,0.85,5.148489161059742
317,0.07713248638838476,0.85,5.14883712633113
318,0.07720254314259764,0.85,5.153085540257225
319,0.07727272727272727,0.85,5.15492678842443
320,0.07734303912647862,0.85,5.156022961280192
321,0.07741347905282331,0.85,5.156136049159882
322,0.07748404740200547,0.85,5.157162798978322
323,0.07755474452554745,0.85,5.157918972489256
324,0.0776255707762557,0.85,5.162699020240502
325,0.07769652650822668,0.85,5.165881328776074
326,0.0777676120768527,0.85,5.167935494074733
327,0.07783882783882784,0.85,5.169194366104555
328,0.07791017415215398,0.85,5.169793650538241
329,0.0779816513761468,0.85,5.1723427117910985
330,0.0780532598714417,0.85,5.173282942321927
331,0.078125,0.85,5.174625173347035
332,0.078196872125115,0.85,5.1768252895856905
333,0.07826887661141804,0.85,5.179302231866994
334,0.07834101382488479,0.85,5.180084790844375
335,0.07841328413284133,0.85,5.1819904437523086
336,0.07848568790397045,0.85,5.183507041922742
337,0.07855822550831792,0.85,5.183989517302974
338,0.0786308973172988,0.85,5.1881698994715695
339,0.0787037037037037,0.85,5.190449325866728
340,0.07877664504170528,0.85,5.1931711102367295
341,0.07884972170686456,0.85,5.193586525982618
342,0.07892293407613742,0.85,5.1947427332476135
343,0.07899628252788105,0.85,5.194849385689054
344,0.07906976744186046,0.85,5.195017659681706
345,0.07914338919925512,0.85,5.195212578177423
346,0.07921714818266543,0.85,5.196236708189558
347,0.07929104477611941,0.85,5.1971034027150536
348,0.07936507936507936,0.85,5.197238374127124
349,0.0794392523364486,0.85,5.197468990262144
350,0.07951356407857811,0.85,5.198252376482611
351,0.07958801498127341,0.85,5.198341309086126
352,0.07966260543580131,0.85,5.200105636444793
353,0.07973733583489681,0.85,5.200746469952059
354,0.07981220657276995,0.85,5.203792997792963
355,0.07988721804511278,0.85,5.206826131038344
356,0.0799623706491063,0.85,5.207301135815533
357,0.0800376647834275,0.85,5.2082374337045385
358,0.08011310084825636,0.85,5.208424779867127
359,0.08018867924528301,0.85,5.2112756000210085
360,0.08034026465028356,0.85,5.213034413875766
361,0.0804162724692526,0.85,5.215434625474474
362,0.08049242424242424,0.85,5.217546636173706
363,0.08056872037914692,0.85,5.2220879421598525
364,0.08064516129032258,0.85,5.2229098898084985
365,0.08072174738841406,0.85,5.225676104230209
366,0.08079847908745247,0.85,5.229579566653904
367,0.08087535680304472,0.85,5.233170103130603
368,0.08095238095238096,0.85,5.2370823459238265
369,0.08102955195424213,0.85,5.2370862559853135
370,0.08110687022900763,0.85,5.238564057431599
371,0.08118433619866285,0.85,5.23909103174572
372,0.08126195028680688,0.85,5.241134088507419
373,0.08133971291866028,0.85,5.243071640117192
374,0.08141762452107279,0.85,5.243136786714348
375,0.08149568552253116,0.85,5.246727052569618
376,0.08157389635316699,0.85,5.249157256955684
377,0.08165225744476465,0.85,5.2499978007438965
378,0.08173076923076923,0.85,5.2512510259059715
379,0.08188824662813102,0.85,5.251673137879824
380,0.08196721311475409,0.85,5.253548657670245
381,0.08204633204633205,0.85,5.253559074049598
382,0.0821256038647343,0.85,5.2543720218922845
383,0.08220502901353965,0.85,5.255485100456684
384,0.08228460793804453,0.85,5.255995368968772
385,0.08236434108527131,0.85,5.2566549880056765
386,0.08244422890397672,0.85,5.2568391854298016
387,0.0825242718446602,0.85,5.257339109621255
388,0.08163265306122448,0.84,5.258392227523996
389,0.08171206225680934,0.84,5.259294998416587
390,0.08179162609542356,0.84,5.26109996468553
391,0.08187134502923976,0.84,5.261598695698045
392,0.08203125,0.84,5.262246457051561
393,0.08211143695014662,0.84,5.2629443781916985
394,0.0821917808219178,0.84,5.263267110710181
395,0.08227228207639568,0.84,5.264205482261211
396,0.08235294117647059,0.84,5.265613337445993
397,0.08243375858684986,0.84,5.2739564793826315
398,0.0825147347740668,0.84,5.2781703997850125
399,0.08259587020648967,0.84,5.278661961166896
400,0.08267716535433071,0.84,5.279855786863414
401,0.08275862068965517,0.84,5.2820994725294685
402,0.08284023668639054,0.84,5.283896260311449
403,0.08292201382033564,0.84,5.284173628992924
404,0.08300395256916997,0.84,5.286722533694151
405,0.0830860534124629,0.84,5.292486183328959
406,0.08316831683168317,0.84,5.2930004914162385
407,0.08325074331020813,0.84,5.2937642268297225
408,0.08333333333333333,0.84,5.2960405212162085
409,0.08341608738828203,0.84,5.296560599182098
410,0.08349900596421471,0.84,5.297020766301843
411,0.08358208955223881,0.84,5.2993882719092245
412,0.08366533864541832,0.84,5.307209508023871
413,0.08374875373878365,0.84,5.309223259910183
414,0.08383233532934131,0.84,5.3113568175672885
415,0.08391608391608392,0.84,5.314247363737377
416,0.084,0.84,5.316202462401725
417,0.08408408408408409,0.84,5.318699025106026
418,0.0841683366733467,0.84,5.330657531017747
419,0.08425275827482448,0.84,5.3320515682146805
420,0.08433734939759036,0.84,5.332763489411444
421,0.08442211055276382,0.84,5.3335763016709885
422,0.08350100603621731,0.83,5.335519573471325
423,0.08257804632426989,0.82,5.338293392700036
424,0.08266129032258064,0.82,5.34033547258455
425,0.08173562058526741,0.81,5.342441087628005
426,0.08181818181818182,0.81,5.344392683411962
427,0.08190091001011122,0.81,5.346578260794993
428,0.08198380566801619,0.81,5.3476871183108585
429,0.08206686930091185,0.81,5.348671408310496
430,0.0821501014198783,0.81,5.349987259829967
431,0.08223350253807106,0.81,5.35233335190537
432,0.08231707317073171,0.81,5.354587454553721
433,0.08240081383519837,0.81,5.354768335069046
434,0.0824847250509165,0.81,5.355269620181533
435,0.08256880733944955,0.81,5.355494042743911
436,0.0826530612244898,0.81,5.359734782554714
437,0.08171603677221655,0.8,5.3601708311007
438,0.081799591002045,0.8,5.360789176191814
439,0.08085977482088025,0.79,5.3624704704209085
440,0.08094262295081968,0.79,5.363798213758656
441,0.08102564102564103,0.79,5.3650928762722225
442,0.08008213552361396,0.78,5.3659068439626205
443,0.08016443987667009,0.78,5.367229681910804
444,0.08024691358024691,0.78,5.368315811114603
445,0.08032955715756952,0.78,5.3685522999448985
446,0.08041237113402062,0.78,5.370885324262445
447,0.0804953560371517,0.78,5.372331943799669
448,0.08066184074457083,0.78,5.3728643123980415
449,0.08074534161490683,0.78,5.372917977373476
450,0.08082901554404145,0.78,5.373079249360691
451,0.08091286307053942,0.78,5.377899323528791
452,0.08099688473520249,0.78,5.378426429499845
453,0.08108108108108109,0.78,5.3792271085385535
454,0.08116545265348596,0.78,5.380560278413284
455,0.08125,0.78,5.380931150868848
456,0.08133472367049009,0.78,5.3823596820489765
457,0.081419624217119,0.78,5.384134325877688
458,0.08150470219435736,0.78,5.3852962936262205
459,0.08158995815899582,0.78,5.385381719896772
460,0.08176100628930817,0.78,5.385856026150839
461,0.08184679958027283,0.78,5.385857156836782
462,0.0819327731092437,0.78,5.387337440637031
463,0.08201892744479496,0.78,5.389358353649234
464,0.08210526315789474,0.78,5.390930307808052
465,0.0821917808219178,0.78,5.392467466900655
466,0.08227848101265822,0.78,5.395697775932177
467,0.08130939809926083,0.77,5.399297034366343
468,0.08139534883720931,0.77,5.40247956165002
469,0.08148148148148149,0.77,5.402792200633705
470,0.0815677966101695,0.77,5.405197211071021
471,0.0816542948038176,0.77,5.410363682246934
472,0.08174097664543524,0.77,5.4144334732105435
473,0.0818278427205101,0.77,5.414515224125063
474,0.08191489361702127,0.77,5.416618635817871
475,0.08200212992545261,0.77,5.418489968612262
476,0.08208955223880597,0.77,5.421081069038541
477,0.08217716115261472,0.77,5.421901896858731
478,0.08226495726495726,0.77,5.4229527669495745
479,0.08235294117647059,0.77,5.4229737534959686
480,0.08244111349036402,0.77,5.428358489919283
481,0.08252947481243302,0.77,5.42842937907888
482,0.08261802575107297,0.77,5.42956916375825
483,0.08270676691729323,0.77,5.4309921870995685
484,0.08279569892473118,0.77,5.431379814703353
485,0.08288482238966631,0.77,5.43144969019634
486,0.08297413793103449,0.77,5.434181743227928
487,0.08306364617044229,0.77,5.435123774537944
488,0.08315334773218143,0.77,5.437301145756524
489,0.08324324324324324,0.77,5.437309997491084
490,0.08333333333333333,0.77,5.4406854480776605
491,0.08342361863488625,0.77,5.441926765254617
492,0.08351409978308026,0.77,5.4440370855245925
493,0.08360477741585233,0.77,5.451295320071162
494,0.08369565217391305,0.77,5.4518990184628295
495,0.08378672470076169,0.77,5.451959151597799
496,0.08387799564270153,0.77,5.45664475279636
497,0.08396946564885496,0.77,5.457783587047329
498,0.08406113537117904,0.77,5.458907021029961
499,0.08415300546448087,0.77,5.462932486311605
500,0.08424507658643327,0.77,5.463859504176527
501,0.08433734939759036,0.77,5.465084337203251
502,0.08442982456140351,0.77,5.466019501721973
503,0.0845225027442371,0.77,5.473145563970723
504,0.08461538461538462,0.77,5.473549511253856
505,0.08360836083608361,0.76,5.478424831561208
506,0.08370044052863436,0.76,5.479452909284186
507,0.08379272326350606,0.76,5.480922398706444
508,0.08388520971302428,0.76,5.488747155802966
509,0.08397790055248619,0.76,5.490586258744536
510,0.08296460176991151,0.75,5.491102851489125
511,0.08305647840531562,0.75,5.491117758622612
512,0.08314855875831485,0.75,5.492761460466579
513,0.08324084350721421,0.75,5.492801370382142
514,0.08333333333333333,0.75,5.501449286700495
515,0.08342602892102335,0.75,5.501706177624147
516,0.08361204013377926,0.75,5.50797174520827
517,0.08370535714285714,0.75,5.5090278730890505
518,0.08389261744966443,0.75,5.512843456116143
519,0.083986562150056,0.75,5.5149630851974205
520,0.08408071748878924,0.75,5.525486741309236
521,0.08305274971941638,0.74,5.525860717887967
522,0.08314606741573034,0.74,5.5274872731595766
523,0.08323959505061868,0.74,5.531121390996367
524,0.08333333333333333,0.74,5.531209856045583
525,0.0834272829763247,0.74,5.533668720350481
526,0.0835214446952596,0.74,5.5347735907543605
527,0.08361581920903954,0.74,5.535712265512856
528,0.083710407239819,0.74,5.536324128891011
529,0.08380520951302378,0.74,5.536525341505325
530,0.08390022675736962,0.74,5.537252866580548
531,0.08409090909090909,0.74,5.538499797721213
532,0.08418657565415244,0.74,5.538957585129036
533,0.08428246013667426,0.74,5.541279440749522
534,0.08437856328392246,0.74,5.5416284082756615
535,0.08447488584474885,0.74,5.541725840349328
536,0.08457142857142858,0.74,5.54280722983163
537,0.08466819221967964,0.74,5.543382975522367
538,0.08476517754868271,0.74,5.543839068745326
539,0.08486238532110092,0.74,5.547242625171157
540,0.08495981630309989,0.74,5.548527027008807
541,0.08505747126436781,0.74,5.549461344004079
542,0.08515535097813579,0.74,5.551725176354879
543,0.08525345622119816,0.74,5.552428568925289
544,0.0853517877739331,0.74,5.560020234372858
545,0.08545034642032333,0.74,5.560888024536337
546,0.08554913294797688,0.74,5.56628337354216
547,0.08564814814814815,0.74,5.566751489561589
548,0.08574739281575898,0.74,5.567461436878936
549,0.08584686774941995,0.74,5.568794711084447
550,0.0859465737514518,0.74,5.5692335074341806
551,0.08604651162790698,0.74,5.5706035775246985
552,0.08614668218859138,0.74,5.5763274241560685
553,0.08624708624708624,0.74,5.577880277476778
554,0.08634772462077013,0.74,5.580686430061022
555,0.08644859813084112,0.74,5.582687770893962
556,0.08654970760233918,0.74,5.5859323275927695
557,0.08665105386416862,0.74,5.5873351061312855
558,0.08675263774912075,0.74,5.589346134136667
559,0.08685446009389672,0.74,5.5903220548895325
560,0.08695652173913043,0.74,5.595736007411525
561,0.08705882352941176,0.74,5.59653519121033
562,0.08716136631330977,0.74,5.597014102602047
563,0.08726415094339622,0.74,5.602415444846344
564,0.08736717827626919,0.74,5.6044443261159005
565,0.08747044917257683,0.74,5.605472644420656
566,0.08757396449704143,0.74,5.606970689296564
567,0.08767772511848342,0.74,5.6082208998965335
568,0.08778173190984578,0.74,5.608579773800262
569,0.08788598574821853,0.74,5.609916225233415
570,0.08799048751486326,0.74,5.611518577002445
571,0.0880952380952381,0.74,5.612198711428139
572,0.08820023837902265,0.74,5.61243095348445
573,0.0883054892601432,0.74,5.6135163485164545
574,0.0884109916367981,0.74,5.622038051117903
575,0.08851674641148326,0.74,5.622385943157082
576,0.08862275449101796,0.74,5.626329784627018
577,0.08872901678657075,0.74,5.628512847049557
578,0.08883553421368548,0.74,5.632660863768168
579,0.0889423076923077,0.74,5.640495510554643
580,0.08904933814681107,0.74,5.640594489913622
581,0.0891566265060241,0.74,5.6412020255628885
582,0.08805790108564536,0.73,5.6448824620220535
583,0.08816425120772947,0.73,5.6453770712799765
584,0.08827085852478839,0.73,5.6464267562793875
585,0.08837772397094432,0.73,5.646532818812593
586,0.08727272727272728,0.72,5.647941999616751
587,0.08737864077669903,0.72,5.648775561260152
588,0.08748481166464156,0.72,5.653687906386359
589,0.08759124087591241,0.72,5.653849810120362
590,0.0876979293544458,0.72,5.654498668036902
591,0.08780487804878048,0.72,5.655139998458724
592,0.08791208791208792,0.72,5.6557364762397375
593,0.08801955990220049,0.72,5.655972184791229
594,0.08812729498164015,0.72,5.65637760879607
595,0.08823529411764706,0.72,5.662501796347468
596,0.08834355828220859,0.72,5.664283224962103
597,0.08845208845208845,0.72,5.665045143646712
598,0.08856088560885608,0.72,5.665767540698682
599,0.08866995073891626,0.72,5.666416447978804
600,0.08877928483353884,0.72,5.6699391068618885
601,0.08888888888888889,0.72,5.670963515575035
602,0.08899876390605686,0.72,5.671159543021908
603,0.0891089108910891,0.72,5.6721580900685975
604,0.08921933085501858,0.72,5.673487028914704
605,0.08933002481389578,0.72,5.676345139470918
606,0.08944099378881988,0.72,5.676449458543121
607,0.08955223880597014,0.72,5.677133137962576
608,0.08977556109725686,0.72,5.677727179991639
609,0.0898876404494382,0.72,5.680263120625051
610,0.09,0.72,5.6832002241161526
611,0.09011264080100125,0.72,5.6844591963218996
612,0.09022556390977443,0.72,5.685361498302094
613,0.0903387703889586,0.72,5.686570735179977
614,0.09045226130653267,0.72,5.6894325828517855
615,0.09056603773584905,0.72,5.6936285905308734
616,0.08942065491183879,0.71,5.695197414056977
617,0.08953341740226986,0.71,5.695355769336059
618,0.08964646464646464,0.71,5.6955905005818135
619,0.0897597977243995,0.71,5.698027159524197
620,0.08987341772151898,0.71,5.698504453308673
621,0.08998732572877059,0.71,5.7024783795192455
622,0.0901015228426396,0.71,5.706862458136119
623,0.09021601016518424,0.71,5.708071233396816
624,0.09033078880407125,0.71,5.709709627778965
625,0.09044585987261146,0.71,5.710321861068343
626,0.09056122448979592,0.71,5.711618264572624
627,0.09067688378033206,0.71,5.712695174448927
628,0.0907928388746803,0.71,5.714202431298822
629,0.09090909090909091,0.71,5.714846175985807
630,0.09102564102564102,0.71,5.717318992015692
631,0.09114249037227215,0.71,5.723296141456817
632,0.09125964010282776,0.71,5.723710046933593
633,0.09137709137709138,0.71,5.7283649749686285
634,0.09149484536082474,0.71,5.7331468576486815
635,0.09161290322580645,0.71,5.735798221813525
636,0.0917312661498708,0.71,5.737197045014503
637,0.09184993531694696,0.71,5.737259778520203
638,0.09196891191709844,0.71,5.7379498979537775
639,0.09208819714656291,0.71,5.738317110409953
640,0.09232769830949285,0.71,5.7402319115120255
641,0.09244791666666667,0.71,5.740312775020006
642,0.09256844850065189,0.71,5.741088842576518
643,0.0926892950391645,0.71,5.742104635006141
644,0.09281045751633987,0.71,5.742236299246246
645,0.09293193717277487,0.71,5.743692610196412
646,0.09305373525557012,0.71,5.750388764374501
647,0.09317585301837271,0.71,5.7514807542067565
648,0.09329829172141918,0.71,5.751846358780607
649,0.09342105263157895,0.71,5.753028645222536
650,0.09354413702239789,0.71,5.753247366930924
651,0.09366754617414248,0.71,5.754674622283349
652,0.09379128137384413,0.71,5.755990724824438
653,0.09391534391534391,0.71,5.7569052210034535
654,0.09403973509933775,0.71,5.757196686282143
655,0.09416445623342175,0.71,5.75876908294235
656,0.09428950863213811,0.71,5.760966159442017
657,0.09441489361702128,0.71,5.762155393326781
658,0.09454061251664447,0.71,5.76318577885837
659,0.09466666666666666,0.71,5.766168896940175
660,0.09224598930481283,0.69,5.767629987963827
661,0.09236947791164658,0.69,5.76778481722725
662,0.09249329758713137,0.69,5.770960410542027
663,0.09261744966442953,0.69,5.771084286007409
664,0.09274193548387097,0.69,5.780139342740513
665,0.09286675639300135,0.69,5.783140875313878
666,0.09164420485175202,0.68,5.786066720353037
667,0.09176788124156546,0.68,5.78639233983912
668,0.0918918918918919,0.68,5.788368467674607
669,0.09201623815967523,0.68,5.788606626961678
670,0.0921409214092141,0.68,5.797098035255573
671,0.09226594301221167,0.68,5.798163636088217
672,0.09239130434782608,0.68,5.80102988554893
673,0.09251700680272108,0.68,5.8012077339245485
674,0.09264305177111716,0.68,5.8055206783243865
675,0.0927694406548431,0.68,5.81067778619034
676,0.09289617486338798,0.68,5.812339699897058
677,0.09302325581395349,0.68,5.812733852561117
678,0.09315068493150686,0.68,5.818100132834719
679,0.09340659340659341,0.68,5.822209146663103
680,0.09353507565337002,0.68,5.823704206907608
681,0.09366391184573003,0.68,5.824454882504412
682,0.09379310344827586,0.68,5.8280372705347965
683,0.09392265193370165,0.68,5.830253836935508
684,0.09405255878284924,0.68,5.830529755795124
685,0.09418282548476455,0.68,5.832072134899021
686,0.09431345353675451,0.68,5.833738997398155
687,0.09444444444444444,0.68,5.8524172508583225
688,0.09457579972183588,0.68,5.853050951849911
689,0.0947075208913649,0.68,5.854491558977327
690,0.09483960948396095,0.68,5.8548698715756
691,0.09497206703910614,0.68,5.857218826064654
692,0.0951048951048951,0.68,5.857225511157563
693,0.09523809523809523,0.68,5.857365489523495
694,0.09550561797752809,0.68,5.859193773005141
695,0.09563994374120956,0.68,5.862248318067963
696,0.09577464788732394,0.68,5.863934928511169
697,0.09590973201692525,0.68,5.869823605053519
698,0.096045197740113,0.68,5.875309752745425
699,0.09618104667609619,0.68,5.888510187759656
700,0.09631728045325778,0.68,5.912543190502424
701,0.09645390070921986,0.68,5.922890085522942
702,0.09659090909090909,0.68,5.9270264079517165
703,0.09672830725462304,0.68,5.947958229309872
704,0.09686609686609686,0.68,5.9483478192101575
705,0.09700427960057062,0.68,5.953149168771539
706,0.09728183118741059,0.68,5.953423454517031
707,0.09742120343839542,0.68,5.957677221235435
708,0.0975609756097561,0.68,5.966198512859885
709,0.09770114942528736,0.68,5.967017658284737
710,0.09784172661870504,0.68,5.967528728586959
711,0.09654178674351585,0.67,5.968250663929624
712,0.09668109668109669,0.67,5.9693146258488206
713,0.0968208092485549,0.67,5.970883218489964
714,0.09696092619392185,0.67,5.970920247790412
715,0.09710144927536232,0.67,5.974058275892513
716,0.09724238026124818,0.67,5.974991178286668
717,0.09738372093023256,0.67,5.97549328057277
718,0.0975254730713246,0.67,5.976264769486464
719,0.09766763848396501,0.67,5.976841175509126
720,0.097953216374269,0.67,5.98228273890643
721,0.09824046920821114,0.67,5.987477737538513
722,0.09838472834067548,0.67,5.989046422886287
723,0.09852941176470588,0.67,5.992415312293224
724,0.09867452135493372,0.67,5.9933133829071785
725,0.09882005899705015,0.67,5.9941824190524295
726,0.09896602658788774,0.67,5.99458373910854
727,0.09911242603550297,0.67,5.995211214079308
728,0.09925925925925926,0.67,5.998798571737914
729,0.09940652818991098,0.67,6.0005040389319255
730,0.09955423476968796,0.67,6.0007615217458525
731,0.09970238095238096,0.67,6.001987432364258
732,0.09985096870342772,0.67,6.004886876974338
733,0.1,0.67,6.006108541672687
734,0.09865470852017937,0.66,6.0063017683878375
735,0.09880239520958084,0.66,6.008212207525608
736,0.09895052473763119,0.66,6.008323010709829
737,0.09759759759759759,0.65,6.012272172529332
738,0.09774436090225563,0.65,6.012722411813357
739,0.09789156626506024,0.65,6.016156453069472
740,0.09803921568627451,0.65,6.019171438561448
741,0.09833585476550681,0.65,6.022320138677774
742,0.09848484848484848,0.65,6.022384054774951
743,0.09863429438543247,0.65,6.02851413745915
744,0.09878419452887538,0.65,6.032628783288997
745,0.0974124809741248,0.64,6.032829450531795
746,0.09603658536585366,0.63,6.034908415421523
747,0.09618320610687023,0.63,6.03651128963539
748,0.0963302752293578,0.63,6.039773975872143
749,0.09647779479326186,0.63,6.04249559602475
750,0.09662576687116564,0.63,6.043706522880907
751,0.0967741935483871,0.63,6.045458937980393
752,0.0970724191063174,0.63,6.0461622445637655
753,0.09722222222222222,0.63,6.0494425244872545
754,0.0973724884080371,0.63,6.05512106705145
755,0.09767441860465116,0.63,6.060418963788644
756,0.09782608695652174,0.63,6.063011422426619
757,0.09797822706065319,0.63,6.065734596719718
758,0.09516380655226209,0.61,6.0703362545338715
759,0.09375,0.6,6.0710898317616815
760,0.09389671361502347,0.6,6.0711298948200145
761,0.09419152276295134,0.6,6.073086848843001
762,0.09433962264150944,0.6,6.073592647554871
763,0.09448818897637795,0.6,6.076786337462282
764,0.09305993690851735,0.59,6.0770172004197285
765,0.09320695102685624,0.59,6.07971777837389
766,0.09335443037974683,0.59,6.0805860106460985
767,0.09350237717908082,0.59,6.084508229575348
768,0.09365079365079365,0.59,6.084603417284588
769,0.09220985691573927,0.58,6.087549096059692
770,0.09235668789808917,0.58,6.087835317388092
771,0.09250398724082935,0.58,6.089185522245432
772,0.0926517571884984,0.58,6.091177234818092
773,0.0928,0.58,6.091653908171793
774,0.09294871794871795,0.58,6.093009176936704
775,0.09309791332263243,0.58,6.099401664797084
776,0.09339774557165861,0.58,6.099942611256207
777,0.0935483870967742,0.58,6.100291446656318
778,0.09369951534733441,0.58,6.100575083038874
779,0.0940032414910859,0.58,6.104775247060094
780,0.09415584415584416,0.58,6.10478168972537
781,0.0943089430894309,0.58,6.10507864609732
782,0.09446254071661238,0.58,6.107601669837879
783,0.09461663947797716,0.58,6.110167882498812
784,0.09477124183006536,0.58,6.111567914157669
785,0.09492635024549918,0.58,6.112363953910588
786,0.09508196721311475,0.58,6.1137712969477285
787,0.09539473684210527,0.58,6.11560692157655
788,0.09555189456342669,0.58,6.115616207578085
789,0.09570957095709572,0.58,6.1172797488017485
790,0.09586776859504133,0.58,6.1182975546170875
791,0.09602649006622517,0.58,6.122769883472
792,0.09618573797678276,0.58,6.126469006986395
793,0.09634551495016612,0.58,6.128821273124332
794,0.09650582362728785,0.58,6.131212177416285
795,0.09682804674457429,0.58,6.134313934967286
796,0.09698996655518395,0.58,6.1354998410426775
797,0.09715242881072027,0.58,6.137015945693261
798,0.09731543624161074,0.58,6.143696621171044
799,0.09747899159663866,0.58,6.144279549354451
800,0.09764309764309764,0.58,6.149962955737236
801,0.09780775716694773,0.58,6.151277943733603
802,0.09797297297297297,0.58,6.1521982321159525
803,0.09813874788494077,0.58,6.1585026592196765
804,0.09830508474576272,0.58,6.160537571561908
805,0.0967741935483871,0.57,6.161255265646473
806,0.09693877551020408,0.57,6.1665783650566
807,0.09710391822827939,0.57,6.173918209940807
808,0.09726962457337884,0.57,6.176532798322164
809,0.09743589743589744,0.57,6.177376898304505
810,0.0976027397260274,0.57,6.178341729880112
811,0.09777015437392796,0.57,6.180475174102838
812,0.0979381443298969,0.57,6.180867668859932
813,0.0981067125645439,0.57,6.1811845906646585
814,0.09827586206896552,0.57,6.181727839431666
815,0.09844559585492228,0.57,6.183140216906398
816,0.0986159169550173,0.57,6.1856878418116725
817,0.09878682842287695,0.57,6.18618746513317
818,0.09895833333333333,0.57,6.1876276379909525
819,0.09930313588850175,0.57,6.189736148199482
820,0.09965034965034965,0.57,6.192560548324997
821,0.09982486865148861,0.57,6.195554206750213
822,0.1,0.57,6.195878523318232
823,0.10017574692442882,0.57,6.195935767993865
824,0.10035211267605634,0.57,6.1963690375431
825,0.10052910052910052,0.57,6.1977105363380725
826,0.10070671378091872,0.57,6.1981391434934725
827,0.10088495575221239,0.57,6.2000629325929495
828,0.10106382978723404,0.57,6.200469983064545
829,0.10124333925399645,0.57,6.200621072992723
830,0.10142348754448399,0.57,6.200715165043948
831,0.10160427807486631,0.57,6.2025253944405545
832,0.10178571428571428,0.57,6.202809561838382
833,0.10196779964221825,0.57,6.206374354841159
834,0.10215053763440861,0.57,6.207770230173242
835,0.10233393177737882,0.57,6.211998281196247
836,0.10251798561151079,0.57,6.2135921995757135
837,0.10270270270270271,0.57,6.213916345955132
838,0.10288808664259928,0.57,6.214209724005585
839,0.10307414104882459,0.57,6.221843187648353
840,0.10326086956521739,0.57,6.221862718948067
841,0.10344827586206896,0.57,6.221967456061232
842,0.10363636363636364,0.57,6.227880060024762
843,0.10382513661202186,0.57,6.236853510885452
844,0.10401459854014598,0.57,6.238512346494717
845,0.10237659963436929,0.56,6.238776315317208
846,0.10256410256410256,0.56,6.240012552868768
847,0.10275229357798166,0.56,6.248881861275025
848,0.10294117647058823,0.56,6.25014429530511
849,0.10313075506445672,0.56,6.251470415354907
850,0.1014760147601476,0.55,6.260860170959591
851,0.09981515711645102,0.54,6.263805946910143
852,0.1,0.54,6.267715867769578
853,0.10018552875695733,0.54,6.271115855201487
854,0.10037174721189591,0.54,6.272528272400701
855,0.1005586592178771,0.54,6.272973349827508
856,0.10074626865671642,0.54,6.272986314147527
857,0.10093457943925234,0.54,6.276882884487847
858,0.10112359550561797,0.54,6.2866788209195805
859,0.10131332082551595,0.54,6.289721935254737
860,0.10150375939849623,0.54,6.292710159116793
861,0.1016949152542373,0.54,6.2991715219602185
862,0.1018867924528302,0.54,6.309521672997107
863,0.10207939508506617,0.54,6.3101300735353485
864,0.10227272727272728,0.54,6.3101693148131215
865,0.10246679316888045,0.54,6.310905921765871
866,0.10266159695817491,0.54,6.311420960865992
867,0.10095238095238095,0.53,6.313002461396186
868,0.10114503816793893,0.53,6.317794088047439
869,0.10133843212237094,0.53,6.319799409140928
870,0.10153256704980843,0.53,6.32084713670539
871,0.1017274472168906,0.53,6.321407897848044
872,0.10192307692307692,0.53,6.323536165483701
873,0.10211946050096339,0.53,6.324872421920545
874,0.10231660231660232,0.53,6.325883264152132
875,0.10058027079303675,0.52,6.32588751376676
876,0.09883720930232558,0.51,6.32646099317493
877,0.09902912621359224,0.51,6.326919015446829
878,0.09922178988326848,0.51,6.327052319116151
879,0.099609375,0.51,6.3271415440447125
880,0.1,0.51,6.329754260110535
881,0.10019646365422397,0.51,6.334344650324336
882,0.10039370078740158,0.51,6.336778660257188
883,0.10059171597633136,0.51,6.341791669148959
884,0.1007905138339921,0.51,6.344251058498872
885,0.100990099009901,0.51,6.3512455207908864
886,0.10119047619047619,0.51,6.351629582120426
887,0.10139165009940358,0.51,6.351688293813819
888,0.10159362549800798,0.51,6.3612842820466575
889,0.10179640718562874,0.51,6.366376451634009
890,0.102,0.51,6.371883985472612
891,0.10220440881763528,0.51,6.374805571622747
892,0.10240963855421686,0.51,6.375539900500388
893,0.10261569416498995,0.51,6.375766482678659
894,0.1028225806451613,0.51,6.378646944914994
895,0.10303030303030303,0.51,6.380278239436357
896,0.10323886639676114,0.51,6.38159019486379
897,0.10344827586206896,0.51,6.382476701972037
898,0.10365853658536585,0.51,6.383220643793077
899,0.10386965376782077,0.51,6.384546605666528
900,0.10408163265306122,0.51,6.387741070311187
901,0.10429447852760736,0.51,6.389632552806826
902,0.10450819672131148,0.51,6.390441491018982
903,0.10472279260780287,0.51,6.391120873438294
904,0.10493827160493827,0.51,6.392644761427086
905,0.10515463917525773,0.51,6.3939444849422165
906,0.10559006211180125,0.51,6.394094542139188
907,0.10580912863070539,0.51,6.3950515002347625
908,0.10602910602910603,0.51,6.398006588311692
909,0.10625,0.51,6.399822191093631
910,0.10669456066945607,0.51,6.402885001684374
911,0.1069182389937107,0.51,6.404294035323797
912,0.10714285714285714,0.51,6.407020175988446
913,0.10526315789473684,0.5,6.409198480194341
914,0.10548523206751055,0.5,6.414526727038735
915,0.10570824524312897,0.5,6.415154380848839
916,0.1059322033898305,0.5,6.423129638377342
917,0.10212765957446808,0.48,6.4246189442233685
918,0.10256410256410256,0.48,6.42845317238263
919,0.10278372591006424,0.48,6.430374698838848
920,0.10300429184549356,0.48,6.430546491858945
921,0.1010752688172043,0.47,6.433721188564272
922,0.10129310344827586,0.47,6.433797329121567
923,0.10151187904967603,0.47,6.4412891987346255
924,0.09956709956709957,0.46,6.445779355756122
925,0.09978308026030369,0.46,6.449187566212148
926,0.1,0.46,6.45058320531886
927,0.09803921568627451,0.45,6.45101396031508
928,0.0982532751091703,0.45,6.456278628940443
929,0.09846827133479212,0.45,6.459733110866172
930,0.09868421052631579,0.45,6.4626924970685495
931,0.0989010989010989,0.45,6.462761339862637
932,0.09911894273127753,0.45,6.464772864053756
933,0.09933774834437085,0.45,6.465414611890202
934,0.09955752212389381,0.45,6.474918666142725
935,0.09977827050997783,0.45,6.484358935697224
936,0.1,0.45,6.48586234945008
937,0.10022271714922049,0.45,6.488293079525738
938,0.09821428571428571,0.44,6.494454096437888
939,0.09417040358744394,0.42,6.502814679304204
940,0.09438202247191012,0.42,6.503631740000437
941,0.0945945945945946,0.42,6.506431352076503
942,0.09480812641083522,0.42,6.507758201485157
943,0.09502262443438914,0.42,6.515268623387196
944,0.09523809523809523,0.42,6.516566499708112
945,0.09545454545454546,0.42,6.517734442340827
946,0.0958904109589041,0.42,6.5183279055264425
947,0.09610983981693363,0.42,6.520184134339197
948,0.0963302752293578,0.42,6.526296583741317
949,0.09655172413793103,0.42,6.526388204085777
950,0.0967741935483871,0.42,6.526653116972617
951,0.09699769053117784,0.42,6.531151250762148
952,0.09722222222222222,0.42,6.533851485002673
953,0.0951276102088167,0.41,6.537912468776471
954,0.09534883720930233,0.41,6.540162847832537
955,0.09557109557109557,0.41,6.551729458030378
956,0.09579439252336448,0.41,6.558540035276536
957,0.09601873536299765,0.41,6.5613813560209735
958,0.09624413145539906,0.41,6.567682291473514
959,0.09669811320754718,0.41,6.5686350632298485
960,0.09692671394799054,0.41,6.570304725956607
961,0.0971563981042654,0.41,6.571786417002188
962,0.09738717339667459,0.41,6.572939552733235
963,0.09761904761904762,0.41,6.580085033214325
964,0.09785202863961814,0.41,6.587853529987202
965,0.09808612440191387,0.41,6.588381112398821
966,0.09832134292565947,0.41,6.594333421730503
967,0.0985576923076923,0.41,6.606611774889162
968,0.09879518072289156,0.41,6.611163581322316
969,0.09903381642512077,0.41,6.617173921600777
970,0.09927360774818401,0.41,6.626680499644376
971,0.09975669099756691,0.41,6.628813799376191
972,0.1,0.41,6.628980088288066
973,0.10024449877750612,0.41,6.629847653058474
974,0.10049019607843138,0.41,6.634099946385393
975,0.10073710073710074,0.41,6.634767361938947
976,0.10098522167487685,0.41,6.635723492139162
977,0.10123456790123457,0.41,6.639347472625926
978,0.10148514851485149,0.41,6.6415480505548405
979,0.10173697270471464,0.41,6.644123520682102
980,0.10199004975124377,0.41,6.644789751260643
981,0.10224438902743142,0.41,6.646890172058222
982,0.1025,0.41,6.6493712167419945
983,0.10025062656641603,0.4,6.6509431487487065
984,0.09798994974874371,0.39,6.652609887864273
985,0.0982367758186398,0.39,6.6581619104274425
986,0.09848484848484848,0.39,6.6624002884354505
987,0.09873417721518987,0.39,6.669877986754563
988,0.09898477157360407,0.39,6.670268449393756
989,0.09923664122137404,0.39,6.6746098871203525
990,0.09948979591836735,0.39,6.6759838806375145
991,0.09974424552429667,0.39,6.678982029433758
992,0.1,0.39,6.680467419708233
993,0.10025706940874037,0.39,6.682884284970412
994,0.0979381443298969,0.38,6.685975680135559
995,0.09844559585492228,0.38,6.68776605255796
996,0.09610389610389611,0.37,6.696799838278746
997,0.09635416666666667,0.37,6.701705437258908
998,0.0968586387434555,0.37,6.701922981255965
999,0.09711286089238845,0.37,6.704445159465759
1000,0.09736842105263158,0.37,6.713955933348719
1001,0.09762532981530343,0.37,6.7139616637614274
1002,0.09788359788359788,0.37,6.714934401764793
1003,0.09814323607427056,0.37,6.716012313655652
1004,0.09840425531914894,0.37,6.726091927244754
1005,0.09866666666666667,0.37,6.730514573111918
1006,0.09893048128342247,0.37,6.7330175862130215
1007,0.09919571045576407,0.37,6.73602687406609
1008,0.09946236559139784,0.37,6.753166130790862
1009,0.09973045822102426,0.37,6.753290755627261
1010,0.1,0.37,6.756473210599477
1011,0.1002710027100271,0.37,6.7571079245386265
1012,0.10054347826086957,0.37,6.764278319172348
1013,0.1008174386920981,0.37,6.768938164581783
1014,0.09836065573770492,0.36,6.774888445829284
1015,0.09863013698630137,0.36,6.783880621820205
1016,0.0989010989010989,0.36,6.787327830568635
1017,0.09917355371900827,0.36,6.788226994674946
1018,0.09944751381215469,0.36,6.7909423201838965
1019,0.0997229916897507,0.36,6.793812764854356
1020,0.1,0.36,6.799972845050196
1021,0.10027855153203342,0.36,6.801381748021821
1022,0.1005586592178771,0.36,6.805537099220643
1023,0.10084033613445378,0.36,6.810174628551535
1024,0.10112359550561797,0.36,6.811053584452326
1025,0.10140845070422536,0.36,6.8121545043415095
1026,0.1016949152542373,0.36,6.813151314849943
1027,0.10198300283286119,0.36,6.813162669902829
1028,0.10227272727272728,0.36,6.814198505470134
1029,0.10256410256410256,0.36,6.816880101128644
1030,0.10285714285714286,0.36,6.818169798094697
1031,0.10315186246418338,0.36,6.825356833290112
1032,0.10344827586206896,0.36,6.826410923080876
1033,0.1037463976945245,0.36,6.829958205091889
1034,0.10404624277456648,0.36,6.831069976180239
1035,0.10434782608695652,0.36,6.833319763267026
1036,0.10495626822157435,0.36,6.8419140876807365
1037,0.10526315789473684,0.36,6.841951956773896
1038,0.10557184750733138,0.36,6.848435638199036
1039,0.10588235294117647,0.36,6.851105528844191
1040,0.10619469026548672,0.36,6.8535613977664696
1041,0.10650887573964497,0.36,6.859344551530688
1042,0.10682492581602374,0.36,6.862418085432725
1043,0.10714285714285714,0.36,6.869296470197575
1044,0.1044776119402985,0.35,6.8737186434172735
1045,0.10479041916167664,0.35,6.8757292681481825
1046,0.10510510510510511,0.35,6.876361977660687
1047,0.10240963855421686,0.34,6.8791240497467765
1048,0.1027190332326284,0.34,6.879129879094392
1049,0.10303030303030303,0.34,6.887545875717058
1050,0.1033434650455927,0.34,6.88887622398366
1051,0.10365853658536585,0.34,6.889776513223473
1052,0.10397553516819572,0.34,6.893197776553158
1053,0.10429447852760736,0.34,6.894094113164673
1054,0.10461538461538461,0.34,6.901564628474348
1055,0.10493827160493827,0.34,6.906524679575468
1056,0.10559006211180125,0.34,6.9074745298827365
1057,0.10625,0.34,6.90792543837331
1058,0.10658307210031348,0.34,6.911373779428913
1059,0.1069182389937107,0.34,6.9190747136182535
1060,0.10725552050473186,0.34,6.9263577555106295
1061,0.10759493670886076,0.34,6.93056236546638
1062,0.10793650793650794,0.34,6.941587280723502
1063,0.10509554140127389,0.33,6.946883704339122
1064,0.10223642172523961,0.32,6.949001101769496
1065,0.10256410256410256,0.32,6.950882326978261
1066,0.10289389067524116,0.32,6.951810597411545
1067,0.1032258064516129,0.32,6.952572257140492
1068,0.10355987055016182,0.32,6.9546164533042285
1069,0.10064935064935066,0.31,6.95923777948824
1070,0.10097719869706841,0.31,6.960192258173058
1071,0.10130718954248366,0.31,6.96358976466783
1072,0.09836065573770492,0.3,6.9698165623507045
1073,0.09868421052631579,0.3,6.972990992723285
1074,0.09900990099009901,0.3,6.980767287881237
1075,0.09933774834437085,0.3,6.980915329396979
1076,0.09634551495016612,0.29,6.981045869611691
1077,0.09666666666666666,0.29,6.988021705357673
1078,0.09698996655518395,0.29,6.990278157238313
1079,0.09731543624161074,0.29,6.997069052845721
1080,0.09764309764309764,0.29,6.999488135306652
1081,0.09797297297297297,0.29,6.999677143336228
1082,0.09830508474576272,0.29,7.004319858205393
1083,0.09863945578231292,0.29,7.004332434911232
1084,0.09897610921501707,0.29,7.004385644295289
1085,0.09931506849315068,0.29,7.017973922711885
1086,0.09965635738831616,0.29,7.024444315613091
1087,0.1,0.29,7.039906734792348
1088,0.10034602076124567,0.29,7.042139969270786
1089,0.10069444444444445,0.29,7.043057499685522
1090,0.10104529616724739,0.29,7.0438037803183535
1091,0.10139860139860139,0.29,7.04542114646713
1092,0.10175438596491228,0.29,7.045870350356281
1093,0.10211267605633803,0.29,7.046320386927484
1094,0.10247349823321555,0.29,7.057483468148766
1095,0.10283687943262411,0.29,7.058745103079603
1096,0.10320284697508897,0.29,7.067776795070831
1097,0.10357142857142858,0.29,7.0705320256393325
1098,0.1039426523297491,0.29,7.071760115169612
1099,0.10431654676258993,0.29,7.073489966415449
1100,0.10469314079422383,0.29,7.082346391106633
1101,0.10507246376811594,0.29,7.083603911201277
1102,0.10583941605839416,0.29,7.088901185676763
1103,0.10622710622710622,0.29,7.091001922506938
1104,0.10661764705882353,0.29,7.0914263666898165
1105,0.1070110701107011,0.29,7.095443875631394
1106,0.10740740740740741,0.29,7.0983113453973
1107,0.10780669144981413,0.29,7.112754670857147
1108,0.10820895522388059,0.29,7.118462673336272
1109,0.10861423220973783,0.29,7.133854042387165
1110,0.10902255639097744,0.29,7.142403130424737
1111,0.10943396226415095,0.29,7.147239888422173
1112,0.11026615969581749,0.29,7.1535173311785485
1113,0.11068702290076336,0.29,7.157605799545298
1114,0.1111111111111111,0.29,7.1629121441752135
1115,0.1076923076923077,0.28,7.164781744167278
1116,0.10810810810810811,0.28,7.168190950659499
1117,0.10852713178294573,0.28,7.173287765395048
1118,0.10894941634241245,0.28,7.176946039133194
1119,0.109375,0.28,7.177338855941096
1120,0.11023622047244094,0.28,7.180204612180085
1121,0.11067193675889328,0.28,7.189420001584993
1122,0.1111111111111111,0.28,7.195837554394222
1123,0.11155378486055777,0.28,7.200169590577501
1124,0.112,0.28,7.206147807978485
1125,0.11244979919678715,0.28,7.212322829019272
1126,0.11290322580645161,0.28,7.212417233438813
1127,0.11336032388663968,0.28,7.212567651481564
1128,0.11382113821138211,0.28,7.217815140441946
1129,0.11428571428571428,0.28,7.219763764866192
1130,0.11475409836065574,0.28,7.220188454011433
1131,0.11522633744855967,0.28,7.222311768692478
1132,0.11570247933884298,0.28,7.226276589980434
1133,0.11666666666666667,0.28,7.229549407976308
1134,0.11715481171548117,0.28,7.229690042348016
1135,0.11764705882352941,0.28,7.231772546863513
1136,0.11392405063291139,0.27,7.231807852590562
1137,0.11440677966101695,0.27,7.232190312252576
1138,0.11538461538461539,0.27,7.235173274143188
1139,0.11587982832618025,0.27,7.237150524132236
1140,0.11637931034482758,0.27,7.238617265241102
1141,0.11688311688311688,0.27,7.240573802053385
1142,0.11739130434782609,0.27,7.24347354841871
1143,0.11790393013100436,0.27,7.2501967374105725
1144,0.11842105263157894,0.27,7.258472493304938
1145,0.1145374449339207,0.26,7.274408442748554
1146,0.11504424778761062,0.26,7.2760593506362055
1147,0.11607142857142858,0.26,7.279541486966925
1148,0.11659192825112108,0.26,7.280977089229336
1149,0.11711711711711711,0.26,7.289906716413863
1150,0.11312217194570136,0.25,7.290046565863656
1151,0.10909090909090909,0.24,7.29996902531001
1152,0.1095890410958904,0.24,7.320305510267812
1153,0.11009174311926606,0.24,7.329447168255178
1154,0.11059907834101383,0.24,7.3335127929719315
1155,0.1111111111111111,0.24,7.336239116985031
1156,0.11162790697674418,0.24,7.3452445906358115
1157,0.11214953271028037,0.24,7.359904053074869
1158,0.11267605633802817,0.24,7.373394879411943
1159,0.11320754716981132,0.24,7.375008788303923
1160,0.11374407582938388,0.24,7.380388360487906
1161,0.11428571428571428,0.24,7.381137758113954
1162,0.11538461538461539,0.24,7.386245252528987
1163,0.11594202898550725,0.24,7.394113235458008
1164,0.11707317073170732,0.24,7.3984171179108165
1165,0.11764705882352941,0.24,7.398902602482227
1166,0.11822660098522167,0.24,7.40426698463409
1167,0.1188118811881188,0.24,7.417371710027317
1168,0.11940298507462686,0.24,7.4250149604062
1169,0.12,0.24,7.428326906465285
1170,0.12060301507537688,0.24,7.435238283363963
1171,0.12121212121212122,0.24,7.436206963055892
1172,0.1218274111675127,0.24,7.4393690505727985
1173,0.11734693877551021,0.23,7.4462874505352765
1174,0.11794871794871795,0.23,7.450805440934652
1175,0.11855670103092783,0.23,7.452493367624968
1176,0.11917098445595854,0.23,7.454195309647193
1177,0.11979166666666667,0.23,7.455464422969824
1178,0.12041884816753927,0.23,7.459220450226692
1179,0.12105263157894737,0.23,7.459569701779669
1180,0.12169312169312169,0.23,7.464423499934883
1181,0.11702127659574468,0.22,7.473146355127938
1182,0.11764705882352941,0.22,7.482787133752532
1183,0.11827956989247312,0.22,7.499403098021591
1184,0.11891891891891893,0.22,7.502866870499194
1185,0.11956521739130435,0.22,7.5035034180717854
1186,0.12021857923497267,0.22,7.504982795748522
1187,0.12087912087912088,0.22,7.51967291072186
1188,0.12222222222222222,0.22,7.525393041761742
1189,0.12290502793296089,0.22,7.5422716515901875
1190,0.11797752808988764,0.21,7.542491267832776
1191,0.11864406779661017,0.21,7.5474782489301155
1192,0.11931818181818182,0.21,7.5515163682300175
1193,0.12,0.21,7.553915033878328
1194,0.1206896551724138,0.21,7.5836474464211285
1195,0.12138728323699421,0.21,7.58772074284557
1196,0.12209302325581395,0.21,7.590946308935552
1197,0.12280701754385964,0.21,7.592727347257277
1198,0.12352941176470589,0.21,7.6124006988521105
1199,0.1242603550295858,0.21,7.612594258424072
1200,0.125,0.21,7.635281454885873
1201,0.12574850299401197,0.21,7.635877316332658
1202,0.12650602409638553,0.21,7.636241718944446
1203,0.12727272727272726,0.21,7.645753956248593
1204,0.12804878048780488,0.21,7.648010766274381
1205,0.12883435582822086,0.21,7.654883666218279
1206,0.12962962962962962,0.21,7.658213053826769
1207,0.13043478260869565,0.21,7.6702428788909245
1208,0.13125,0.21,7.677850380892703
1209,0.1320754716981132,0.21,7.6820208535480585
1210,0.13291139240506328,0.21,7.683051491265736
1211,0.1337579617834395,0.21,7.689212561956106
1212,0.1346153846153846,0.21,7.723100937016133
1213,0.13548387096774195,0.21,7.726405551404703
1214,0.12987012987012986,0.2,7.72866252434484
1215,0.13157894736842105,0.2,7.7319596646545135
1216,0.13245033112582782,0.2,7.740314113246438
1217,0.13333333333333333,0.2,7.743435956163406
1218,0.1342281879194631,0.2,7.749544534121012
1219,0.13513513513513514,0.2,7.754200603454995
1220,0.136986301369863,0.2,7.758118855306837
1221,0.13793103448275862,0.2,7.764541925171187
1222,0.13194444444444445,0.19,7.764687756420631
1223,0.1258741258741259,0.18,7.776507772064472
1224,0.11971830985915492,0.17,7.7819548887814864
1225,0.12056737588652482,0.17,7.782402121033912
1226,0.12142857142857143,0.17,7.784605478906768
1227,0.1223021582733813,0.17,7.806330118101809
1228,0.12318840579710146,0.17,7.8084884721738845
1229,0.12408759124087591,0.17,7.8166601702302385
1230,0.125,0.17,7.825484260390544
1231,0.1259259259259259,0.17,7.829390306359112
1232,0.12686567164179105,0.17,7.835223508724091
1233,0.12781954887218044,0.17,7.852285598686537
1234,0.12878787878787878,0.17,7.853919400755026
1235,0.13076923076923078,0.17,7.859316055065715
1236,0.13178294573643412,0.17,7.861242117523996
1237,0.1328125,0.17,7.866632717478132
1238,0.13385826771653545,0.17,7.891480402927291
1239,0.1349206349206349,0.17,7.893922584324236
1240,0.136,0.17,7.896002497818079
1241,0.12903225806451613,0.16,7.9101748196232
1242,0.12195121951219512,0.15,7.91179213846694
1243,0.12295081967213115,0.15,7.929594795669089
1244,0.12396694214876033,0.15,7.942858337576905
1245,0.125,0.15,7.9437869558944545
1246,0.12605042016806722,0.15,7.95039136259583
1247,0.1271186440677966,0.15,7.951250129824666
1248,0.1282051282051282,0.15,7.973157128985772
1249,0.1206896551724138,0.14,7.976579573035513
1250,0.12173913043478261,0.14,7.983712705336162
1251,0.12280701754385964,0.14,7.995201211985238
1252,0.12389380530973451,0.14,8.005125259425984
1253,0.125,0.14,8.013422701611947
1254,0.12727272727272726,0.14,8.019802812409774
1255,0.12962962962962962,0.14,8.038252731436836
1256,0.1308411214953271,0.14,8.05763326282624
1257,0.12264150943396226,0.13,8.071651063191407
1258,0.12380952380952381,0.13,8.072617997667535
1259,0.1262135922330097,0.13,8.084693960394384
1260,0.12745098039215685,0.13,8.08594000390618
1261,0.12871287128712872,0.13,8.119003126139491
1262,0.13,0.13,8.129957198729073
1263,0.1326530612244898,0.13,8.134084002200401
1264,0.13402061855670103,0.13,8.145023178184141
1265,0.13541666666666666,0.13,8.146731790884617
1266,0.1368421052631579,0.13,8.184156910359077
1267,0.13829787234042554,0.13,8.1978958631013
1268,0.12903225806451613,0.12,8.205347970248985
1269,0.13043478260869565,0.12,8.208886951807564
1270,0.13186813186813187,0.12,8.24376089082571
1271,0.13333333333333333,0.12,8.266200366601945
1272,0.1348314606741573,0.12,8.289248642030168
1273,0.13636363636363635,0.12,8.31645994051569
1274,0.12643678160919541,0.11,8.343909196724013
1275,0.12941176470588237,0.11,8.390300967412031
1276,0.13095238095238096,0.11,8.427185470219403
1277,0.13253012048192772,0.11,8.428343446265737
1278,0.13414634146341464,0.11,8.435632943863185
1279,0.13580246913580246,0.11,8.439550811667589
1280,0.1375,0.11,8.461984520140211
1281,0.14102564102564102,0.11,8.465917448951036
1282,0.14285714285714285,0.11,8.490363928056695
1283,0.14473684210526316,0.11,8.526814548786076
1284,0.14666666666666667,0.11,8.541253965423074
1285,0.13513513513513514,0.1,8.543223901650922
1286,0.1232876712328767,0.09,8.559377158628108
1287,0.125,0.09,8.564340568203638
1288,0.1267605633802817,0.09,8.573269763378686
1289,0.12857142857142856,0.09,8.621369071237384
1290,0.13043478260869565,0.09,8.641318718061779
1291,0.1323529411764706,0.09,8.642026867007234
1292,0.11940298507462686,0.08,8.659004975518313
1293,0.12121212121212122,0.08,8.70243955053471
1294,0.12307692307692308,0.08,8.729705431708442
1295,0.125,0.08,8.734299260984281
1296,0.12698412698412698,0.08,8.753910166001933
1297,0.12903225806451613,0.08,8.795367256533915
1298,0.13114754098360656,0.08,8.850532439785349
1299,0.13333333333333333,0.08,8.879755409662312
1300,0.13793103448275862,0.08,8.880647894500491
1301,0.14035087719298245,0.08,8.886994844336115
1302,0.125,0.07,8.89880215799544
1303,0.12962962962962962,0.07,8.927502390467557
1304,0.1320754716981132,0.07,8.942595583877543
1305,0.1346153846153846,0.07,8.948495381559956
1306,0.13725490196078433,0.07,8.966801985928823
1307,0.14,0.07,9.051196518864868
1308,0.10416666666666667,0.05,9.057437075980056
1309,0.10638297872340426,0.05,9.09418577877316
1310,0.08695652173913043,0.04,9.107796015250264
1311,0.08888888888888889,0.04,9.157628137514203
1312,0.09090909090909091,0.04,9.194301254010986
1313,0.06976744186046512,0.03,9.283478535657222
1314,0.07142857142857142,0.03,9.293427970264226
1315,0.07317073170731707,0.03,9.303045744260556
1316,0.075,0.03,9.320377593721354
1317,0.07692307692307693,0.03,9.339970002925435
1318,0.07894736842105263,0.03,9.367914220848034
1319,0.08333333333333333,0.03,9.42555457337671
1320,0.08571428571428572,0.03,9.463090942817203
1321,0.08823529411764706,0.03,9.496719556049964
1322,0.09090909090909091,0.03,9.520341262855123
1323,0.09375,0.03,9.526053036456645
1324,0.0967741935483871,0.03,9.65547109550684
1325,0.1,0.03,9.688324549723747
1326,0.10344827586206896,0.03,9.726372361722047
1327,0.10714285714285714,0.03,9.798537054917992
1328,0.1111111111111111,0.03,9.837432549203653
1329,0.11538461538461539,0.03,9.951994796143637
1330,0.12,0.03,9.991679806607317
1331,0.125,0.03,10.012438288266232
1332,0.13043478260869565,0.03,10.277069831278196
1333,0.14285714285714285,0.03,10.398261316591297
1334,0.15,0.03,10.400040477367234
1335,0.15789473684210525,0.03,10.492312069008149
1336,0.17647058823529413,0.03,10.506133015807952
1337,0.2,0.03,10.688951748928954
1338,0.21428571428571427,0.03,10.697274149532392
1339,0.23076923076923078,0.03,10.945145961553475
1340,0.25,0.03,11.02381629354444
1341,0.2727272727272727,0.03,11.379305786192415
1342,0.2,0.02,11.383320718598629
1343,0.1111111111111111,0.01,11.384453624083116
1344,0.14285714285714285,0.01,11.388398536811945
1345,0.2,0.01,11.642262675209247
1346,0.0,0.0,12.625422966019382
1347,0.0,0.0,13.200775752634716
1348,0.0,0.0,15.878028620237279
1349,0.0,0.0,18.419829805999086
