name,score,label_raw
0_k0.csv,9.837432549203653,0
0_k1.csv,9.951994796143637,0
0_k10.csv,8.621369071237384,0
0_k11.csv,7.212417233438813,0
0_k12.csv,0.0,0
0_k13.csv,6.911373779428913,0
0_k14.csv,8.490363928056695,0
0_k15.csv,6.813162669902829,0
0_k16.csv,0.0,0
0_k17.csv,6.805537099220643,0
0_k18.csv,8.526814548786076,0
0_k19.csv,0.0,0
0_k2.csv,6.10478168972537,0
0_k20.csv,0.0,0
0_k21.csv,0.0,0
0_k22.csv,9.303045744260556,0
0_k23.csv,0.0,0
0_k24.csv,7.723100937016133,0
0_k25.csv,0.0,0
0_k26.csv,8.435632943863185,0
0_k27.csv,9.293427970264226,0
0_k28.csv,9.520341262855123,0
0_k29.csv,6.999488135306651,0
0_k3.csv,7.72866252434484,0
0_k30.csv,0.0,0
0_k31.csv,8.948495381559956,0
0_k32.csv,11.383320718598629,1
0_k33.csv,7.071760115169612,0
0_k34.csv,7.417371710027318,0
0_k35.csv,11.379305786192417,1
0_k36.csv,8.942595583877543,0
0_k4.csv,0.0,0
0_k5.csv,0.0,0
0_k6.csv,3.932681064150601,0
0_k7.csv,5.9675287285869585,1
0_k8.csv,7.72866252434484,0
0_k9.csv,0.0,0
10_k0.csv,6.8121545043415095,0
10_k1.csv,6.730514573111918,0
10_k10.csv,6.515268623387196,0
10_k11.csv,8.390300967412031,0
10_k12.csv,0.0,0
10_k13.csv,6.180475174102838,0
10_k14.csv,7.2318078525905625,0
10_k15.csv,6.701922981255965,0
10_k16.csv,0.0,0
10_k17.csv,6.178341729880113,0
10_k18.csv,7.219763764866192,0
10_k19.csv,0.0,0
10_k2.csv,7.373394879411943,0
10_k20.csv,0.0,0
10_k21.csv,0.0,0
10_k22.csv,9.107796015250264,0
10_k23.csv,0.0,0
10_k24.csv,5.80102988554893,0
10_k25.csv,0.0,0
10_k26.csv,5.491102851489125,0
10_k27.csv,7.017973922711885,0
10_k28.csv,6.375539900500388,0
10_k29.csv,6.999677143336227,0
10_k3.csv,8.072617997667535,0
10_k30.csv,0.0,0
10_k31.csv,6.580085033214325,0
10_k32.csv,6.567682291473514,0
10_k33.csv,6.88887622398366,0
10_k34.csv,5.206826131038344,0
10_k35.csv,6.567682291473514,0
10_k36.csv,5.055515222963246,0
10_k4.csv,4.9000000313224525,0
10_k5.csv,0.0,0
10_k6.csv,4.706506147933342,0
10_k7.csv,7.380388360487906,0
10_k8.csv,8.072617997667535,0
10_k9.csv,0.0,0
11_k0.csv,5.1352572175239555,0
11_k1.csv,5.1166752951690615,0
11_k10.csv,5.567461436878936,0
11_k11.csv,7.658213053826769,0
11_k12.csv,0.0,0
11_k13.csv,5.548527027008807,0
11_k14.csv,5.8548698715756,0
11_k15.csv,7.320305510267813,0
11_k16.csv,0.0,0
11_k17.csv,5.608579773800262,0
11_k18.csv,5.953423454517031,0
11_k19.csv,0.0,0
11_k2.csv,5.1324625539248006,0
11_k20.csv,0.0,0
11_k21.csv,0.0,0
11_k22.csv,5.536525341505325,0
11_k23.csv,0.0,0
11_k24.csv,4.902178646221922,0
11_k25.csv,0.0,0
11_k26.csv,5.853050951849911,0
11_k27.csv,5.342441087628005,0
11_k28.csv,5.754674622283349,0
11_k29.csv,5.59653519121033,0
11_k3.csv,7.853919400755026,0
11_k30.csv,0.0,0
11_k31.csv,6.313002461396186,0
11_k32.csv,4.830580001131988,0
11_k33.csv,5.241134088507419,0
11_k34.csv,5.262246457051561,0
11_k35.csv,4.830580001131988,0
11_k36.csv,5.7331468576486815,0
11_k4.csv,0.0,0
11_k5.csv,0.0,0
11_k6.csv,3.8965115402092727,0
11_k7.csv,5.133228939671163,0
11_k8.csv,7.853919400755026,0
11_k9.csv,0.0,0
12_k0.csv,0.0,0
12_k1.csv,0.0,0
12_k10.csv,5.488747155802966,0
12_k11.csv,6.628813799376191,0
12_k12.csv,8.89880215799544,0
12_k13.csv,6.531151250762148,0
12_k14.csv,5.145427600430348,0
12_k15.csv,5.966198512859885,0
12_k16.csv,8.89880215799544,0
12_k17.csv,6.526653116972617,0
12_k18.csv,5.144655930635366,0
12_k19.csv,0.0,0
12_k2.csv,4.6903323354296536,0
12_k20.csv,0.0,0
12_k21.csv,0.0,0
12_k22.csv,0.0,0
12_k23.csv,0.0,0
12_k24.csv,6.107601669837879,0
12_k25.csv,0.0,0
12_k26.csv,5.145671656475005,0
12_k27.csv,4.887054611108926,0
12_k28.csv,5.538499797721213,0
12_k29.csv,6.022320138677774,0
12_k3.csv,7.459569701779669,0
12_k30.csv,0.0,0
12_k31.csv,0.0,0
12_k32.csv,0.0,0
12_k33.csv,5.307209508023871,0
12_k34.csv,5.068993132567337,0
12_k35.csv,0.0,0
12_k36.csv,6.073592647554871,0
12_k4.csv,15.878028620237279,0
12_k5.csv,0.0,0
12_k6.csv,9.798537054917992,0
12_k7.csv,4.698141353010668,0
12_k8.csv,7.450805440934653,0
12_k9.csv,0.0,0
13_k0.csv,4.89871182723247,0
13_k1.csv,4.884925355039021,0
13_k10.csv,5.479452909284186,0
13_k11.csv,7.329447168255178,0
13_k12.csv,0.0,0
13_k13.csv,5.35233335190537,0
13_k14.csv,5.193586525982618,0
13_k15.csv,7.891480402927291,0
13_k16.csv,0.0,0
13_k17.csv,5.363798213758656,0
13_k18.csv,5.180084790844375,0
13_k19.csv,0.0,0
13_k2.csv,4.934753312868535,0
13_k20.csv,0.0,0
13_k21.csv,0.0,0
13_k22.csv,8.08594000390618,0
13_k23.csv,0.0,0
13_k24.csv,6.213916345955133,0
13_k25.csv,0.0,0
13_k26.csv,4.700446665427491,0
13_k27.csv,7.782402121033912,0
13_k28.csv,5.028121883885498,0
13_k29.csv,6.034908415421523,0
13_k3.csv,6.9074745298827365,0
13_k30.csv,0.0,0
13_k31.csv,5.344392683411962,0
13_k32.csv,4.872496326755724,0
13_k33.csv,4.24159745437734,0
13_k34.csv,3.7669706546043926,0
13_k35.csv,4.872496326755724,0
13_k36.csv,4.002607471598597,1
13_k4.csv,7.654883666218279,0
13_k5.csv,0.0,0
13_k6.csv,6.221967456061232,0
13_k7.csv,4.945768862510215,0
13_k8.csv,6.9074745298827365,0
13_k9.csv,0.0,0
14_k0.csv,5.99458373910854,0
14_k1.csv,5.9941824190524295,0
14_k10.csv,5.167935494074733,0
14_k11.csv,8.465917448951036,0
14_k12.csv,5.1881698994715695,0
14_k13.csv,6.089185522245431,0
14_k14.csv,5.297020766301843,0
14_k15.csv,5.922890085522942,0
14_k16.csv,5.1371480045117135,0
14_k17.csv,6.091177234818092,0
14_k18.csv,5.126835375193759,0
14_k19.csv,0.0,0
14_k2.csv,5.65637760879607,0
14_k20.csv,0.0,0
14_k21.csv,0.0,0
14_k22.csv,4.500000009805172,0
14_k23.csv,0.0,0
14_k24.csv,6.502814679304204,0
14_k25.csv,0.0,0
14_k26.csv,5.197468990262144,0
14_k27.csv,6.3512455207908864,0
14_k28.csv,6.11560692157655,0
14_k29.csv,6.571786417002188,0
14_k3.csv,6.099401664797084,0
14_k30.csv,0.0,0
14_k31.csv,5.473549511253856,1
14_k32.csv,5.451959151597799,0
14_k33.csv,6.323536165483701,0
14_k34.csv,5.418489968612262,0
14_k35.csv,5.45664475279636,0
14_k36.csv,6.32084713670539,0
14_k4.csv,6.292710159116793,0
14_k5.csv,0.0,0
14_k6.csv,6.200469983064545,0
14_k7.csv,5.676345139470918,0
14_k8.csv,6.099401664797084,0
14_k9.csv,0.0,0
15_k0.csv,5.3852962936262205,0
15_k1.csv,5.422952766949575,0
15_k10.csv,5.053416355023153,0
15_k11.csv,7.5424912678327765,0
15_k12.csv,0.0,0
15_k13.csv,5.017036954807551,0
15_k14.csv,5.9682506639296244,0
15_k15.csv,7.893922584324236,0
15_k16.csv,0.0,0
15_k17.csv,5.029623022358551,0
15_k18.csv,6.087835317388092,0
15_k19.csv,0.0,0
15_k2.csv,5.0448364610433165,0
15_k20.csv,0.0,0
15_k21.csv,0.0,0
15_k22.csv,6.341791669148959,0
15_k23.csv,0.0,0
15_k24.csv,3.8250838099718822,0
15_k25.csv,0.0,0
15_k26.csv,5.414433473210543,0
15_k27.csv,6.03651128963539,0
15_k28.csv,4.772612272079095,0
15_k29.csv,7.645753956248593,0
15_k3.csv,6.071129894820015,0
15_k30.csv,0.0,0
15_k31.csv,4.987479966567967,0
15_k32.csv,4.579398061874935,0
15_k33.csv,4.525839513957743,0
15_k34.csv,4.982347010849175,0
15_k35.csv,4.568302224615975,0
15_k36.csv,6.506431352076503,0
15_k4.csv,5.547242625171157,0
15_k5.csv,0.0,0
15_k6.csv,5.035733571753964,0
15_k7.csv,4.878392768056528,0
15_k8.csv,6.071129894820015,0
15_k9.csv,0.0,0
16_k0.csv,6.272973349827508,0
16_k1.csv,6.236853510885452,0
16_k10.csv,5.15492678842443,0
16_k11.csv,6.214209724005585,0
16_k12.csv,7.177338855941096,0
16_k13.csv,5.144714805212087,0
16_k14.csv,6.126469006986395,0
16_k15.csv,6.200621072992723,0
16_k16.csv,7.177338855941096,0
16_k17.csv,5.14041703177378,0
16_k18.csv,6.10507864609732,0
16_k19.csv,0.0,0
16_k2.csv,5.3476871183108585,0
16_k20.csv,0.0,0
16_k21.csv,0.0,0
16_k22.csv,6.949001101769496,0
16_k23.csv,0.0,0
16_k24.csv,4.7523835240335615,0
16_k25.csv,0.0,0
16_k26.csv,5.3685522999448985,0
16_k27.csv,6.380278239436357,0
16_k28.csv,5.711618264572624,0
16_k29.csv,5.2082374337045385,0
16_k3.csv,6.6759838806375145,0
16_k30.csv,0.0,0
16_k31.csv,0.0,0
16_k32.csv,5.389358353649234,0
16_k33.csv,5.812733852561118,0
16_k34.csv,5.3792271085385535,0
16_k35.csv,5.373079249360691,0
16_k36.csv,5.646426756279388,0
16_k4.csv,9.65547109550684,0
16_k5.csv,0.0,0
16_k6.csv,6.952572257140492,0
16_k7.csv,5.349987259829967,0
16_k8.csv,6.629847653058474,0
16_k9.csv,0.0,0
17_k0.csv,5.238564057431599,0
17_k1.csv,5.162699020240502,0
17_k10.csv,5.3624704704209085,0
17_k11.csv,6.049442524487255,0
17_k12.csv,0.0,0
17_k13.csv,5.092929048898141,0
17_k14.csv,6.474918666142725,0
17_k15.csv,5.246727052569618,0
17_k16.csv,0.0,0
17_k17.csv,5.086931749473297,0
17_k18.csv,6.087549096059692,0
17_k19.csv,0.0,0
17_k2.csv,4.263884431225715,0
17_k20.csv,0.0,0
17_k21.csv,0.0,0
17_k22.csv,5.451295320071162,0
17_k23.csv,0.0,0
17_k24.csv,4.931201403743252,0
17_k25.csv,0.0,0
17_k26.csv,5.5763274241560685,0
17_k27.csv,5.9693146258488206,0
17_k28.csv,5.355269620181532,0
17_k29.csv,6.8535613977664696,0
17_k3.csv,4.855297130335954,0
17_k30.csv,0.0,0
17_k31.csv,0.0,0
17_k32.csv,0.0,0
17_k33.csv,5.196236708189558,0
17_k34.csv,4.819295342578012,0
17_k35.csv,0.0,0
17_k36.csv,5.6844591963219,0
17_k4.csv,5.628512847049557,0
17_k5.csv,0.0,0
17_k6.csv,5.612198711428139,0
17_k7.csv,4.264271913752801,0
17_k8.csv,4.855297130335954,0
17_k9.csv,0.0,0
18_k0.csv,6.177376898304505,0
18_k1.csv,6.180867668859932,0
18_k10.csv,5.257339109621255,1
18_k11.csv,7.866632717478132,0
18_k12.csv,6.251470415354907,1
18_k13.csv,6.221843187648353,0
18_k14.csv,4.347290372455691,0
18_k15.csv,6.4412891987346255,1
18_k16.csv,6.45058320531886,1
18_k17.csv,6.248881861275025,0
18_k18.csv,4.2300556708126695,0
18_k19.csv,0.0,0
18_k2.csv,5.989046422886287,0
18_k20.csv,0.0,0
18_k21.csv,0.0,0
18_k22.csv,9.320377593721354,0
18_k23.csv,0.0,0
18_k24.csv,6.8168801011286435,0
18_k25.csv,0.0,0
18_k26.csv,4.747999952930917,0
18_k27.csv,6.464772864053756,0
18_k28.csv,5.4809223987064435,0
18_k29.csv,5.243136786714348,0
18_k3.csv,5.537252866580548,0
18_k30.csv,0.0,0
18_k31.csv,4.8521929701175335,0
18_k32.csv,4.500094539132076,1
18_k33.csv,5.753028645222536,0
18_k34.csv,5.689432582851785,0
18_k35.csv,4.502378078649164,1
18_k36.csv,5.0600478645460285,0
18_k4.csv,6.68776605255796,1
18_k5.csv,0.0,0
18_k6.csv,4.6151278838755365,0
18_k7.csv,5.987477737538513,0
18_k8.csv,5.537252866580548,0
18_k9.csv,0.0,0
19_k0.csv,0.0,0
19_k1.csv,0.0,0
19_k10.csv,5.23909103174572,0
19_k11.csv,5.653849810120362,0
19_k12.csv,6.670268449393756,0
19_k13.csv,5.207301135815533,0
19_k14.csv,5.655972184791229,0
19_k15.csv,6.161255265646474,0
19_k16.csv,6.826410923080876,0
19_k17.csv,5.208424779867127,0
19_k18.csv,5.645377071279976,0
19_k19.csv,0.0,0
19_k2.csv,5.026510128475383,1
19_k20.csv,0.0,0
19_k21.csv,0.0,0
19_k22.csv,0.0,0
19_k23.csv,0.0,0
19_k24.csv,4.7918310636782175,0
19_k25.csv,0.0,0
19_k26.csv,5.008910007710977,0
19_k27.csv,6.134313934967286,0
19_k28.csv,4.854435478952824,0
19_k29.csv,4.998241466523008,0
19_k3.csv,7.436206963055892,0
19_k30.csv,0.0,0
19_k31.csv,0.0,0
19_k32.csv,4.990203315471857,1
19_k33.csv,4.778121037589998,0
19_k34.csv,6.1521982321159525,0
19_k35.csv,4.990988686171773,1
19_k36.csv,4.635164022779669,0
19_k4.csv,6.990278157238313,0
19_k5.csv,0.0,0
19_k6.csv,6.382476701972038,0
19_k7.csv,5.027185560137707,1
19_k8.csv,7.4462874505352765,0
19_k9.csv,0.0,0
1_k0.csv,5.078692348466676,0
1_k1.csv,5.086324692787878,0
1_k10.csv,6.8419140876807365,0
1_k11.csv,6.893197776553158,0
1_k12.csv,0.0,0
1_k13.csv,6.9263577555106295,0
1_k14.csv,8.013422701611947,0
1_k15.csv,7.067776795070831,0
1_k16.csv,0.0,0
1_k17.csv,6.90792543837331,0
1_k18.csv,8.013422701611947,0
1_k19.csv,0.0,0
1_k2.csv,3.9648000582253946,0
1_k20.csv,0.0,0
1_k21.csv,0.0,0
1_k22.csv,5.589346134136667,0
1_k23.csv,0.0,0
1_k24.csv,4.449900147610338,0
1_k25.csv,0.0,0
1_k26.csv,6.6746098871203525,0
1_k27.csv,7.852285598686537,0
1_k28.csv,6.462761339862637,0
1_k29.csv,7.222311768692478,0
1_k3.csv,7.754200603454995,0
1_k30.csv,0.0,0
1_k31.csv,4.943167104107938,0
1_k32.csv,3.339963629190644,0
1_k33.csv,4.695027653894603,0
1_k34.csv,5.198341309086126,0
1_k35.csv,3.339963629190644,0
1_k36.csv,6.8791240497467765,0
1_k4.csv,0.0,0
1_k5.csv,0.0,0
1_k6.csv,0.0,0
1_k7.csv,3.9648000582253946,0
1_k8.csv,7.754200603454995,0
1_k9.csv,0.0,0
20_k0.csv,0.0,0
20_k1.csv,0.0,0
20_k10.csv,7.238617265241102,0
20_k11.csv,7.386245252528987,0
20_k12.csv,9.367914220848034,0
20_k13.csv,7.452493367624968,0
20_k14.csv,6.32646099317493,0
20_k15.csv,8.208886951807564,0
20_k16.csv,9.367914220848034,0
20_k17.csv,7.4042669846340905,0
20_k18.csv,6.321407897848044,0
20_k19.csv,0.0,0
20_k2.csv,5.582687770893962,0
20_k20.csv,0.0,0
20_k21.csv,0.0,0
20_k22.csv,0.0,0
20_k23.csv,0.0,0
20_k24.csv,4.698350271852859,0
20_k25.csv,0.0,0
20_k26.csv,6.319799409140928,0
20_k27.csv,5.9933133829071785,0
20_k28.csv,5.97549328057277,0
20_k29.csv,6.793812764854356,0
20_k3.csv,8.461984520140211,0
20_k30.csv,0.0,0
20_k31.csv,0.0,0
20_k32.csv,0.0,0
20_k33.csv,5.640594489913622,0
20_k34.csv,5.536324128891011,0
20_k35.csv,0.0,0
20_k36.csv,5.6699391068618885,0
20_k4.csv,10.400040477367234,0
20_k5.csv,0.0,0
20_k6.csv,7.220188454011432,0
20_k7.csv,5.5873351061312855,0
20_k8.csv,8.461984520140211,0
20_k9.csv,0.0,0
21_k0.csv,0.0,0
21_k1.csv,0.0,0
21_k10.csv,4.809175935364478,0
21_k11.csv,7.212567651481564,0
21_k12.csv,4.69806356083996,0
21_k13.csv,5.431379814703353,0
21_k14.csv,4.831271586365388,0
21_k15.csv,6.394094542139188,0
21_k16.csv,5.10684893603954,0
21_k17.csv,5.3805602784132835,0
21_k18.csv,4.8336004441538325,0
21_k19.csv,0.0,0
21_k2.csv,4.612903604573735,0
21_k20.csv,0.0,0
21_k21.csv,0.0,0
21_k22.csv,0.0,0
21_k23.csv,0.0,0
21_k24.csv,4.492239668476818,0
21_k25.csv,0.0,0
21_k26.csv,4.8480786749457785,0
21_k27.csv,6.1101678824988115,0
21_k28.csv,6.0710898317616815,0
21_k29.csv,5.243071640117191,0
21_k3.csv,6.207770230173242,0
21_k30.csv,0.0,0
21_k31.csv,0.0,0
21_k32.csv,0.0,0
21_k33.csv,5.622385943157082,0
21_k34.csv,5.058902490860826,0
21_k35.csv,0.0,0
21_k36.csv,5.330657531017747,0
21_k4.csv,8.641318718061779,0
21_k5.csv,0.0,0
21_k6.csv,7.454195309647193,0
21_k7.csv,4.611953953110421,0
21_k8.csv,6.3101300735353485,0
21_k9.csv,0.0,0
22_k0.csv,5.107584665067823,0
22_k1.csv,5.1123548321048204,0
22_k10.csv,5.153085540257225,0
22_k11.csv,6.997069052845721,0
22_k12.csv,6.433721188564272,0
22_k13.csv,5.255485100456684,0
22_k14.csv,4.873120825982986,0
22_k15.csv,6.6624002884354505,0
22_k16.csv,6.433797329121567,0
22_k17.csv,5.2543720218922845,0
22_k18.csv,4.831848816207293,0
22_k19.csv,0.0,0
22_k2.csv,5.115527690587838,0
22_k20.csv,0.0,0
22_k21.csv,0.0,0
22_k22.csv,5.5706035775246985,0
22_k23.csv,0.0,0
22_k24.csv,4.843120615781556,1
22_k25.csv,0.0,0
22_k26.csv,4.771634259850939,0
22_k27.csv,5.6448824620220535,0
22_k28.csv,4.799503564874566,0
22_k29.csv,5.0997828530812965,0
22_k3.csv,5.385381719896772,0
22_k30.csv,0.0,0
22_k31.csv,0.0,0
22_k32.csv,5.012202892898461,0
22_k33.csv,4.409553929616355,0
22_k34.csv,5.428358489919283,0
22_k35.csv,5.013710460229162,0
22_k36.csv,4.906821892548028,0
22_k4.csv,8.24376089082571,0
22_k5.csv,0.0,0
22_k6.csv,6.414526727038735,0
22_k7.csv,5.115772820981738,0
22_k8.csv,5.385381719896772,0
22_k9.csv,0.0,0
23_k0.csv,5.742104635006141,0
23_k1.csv,5.740312775020006,0
23_k10.csv,4.828485976305583,0
23_k11.csv,6.628980088288066,0
23_k12.csv,5.462932486311605,0
23_k13.csv,7.195837554394222,0
23_k14.csv,7.095443875631394,0
23_k15.csv,5.492761460466579,0
23_k16.csv,5.525860717887967,0
23_k17.csv,7.2061478079784855,0
23_k18.csv,7.142403130424737,0
23_k19.csv,0.0,0
23_k2.csv,5.9952112140793075,0
23_k20.csv,0.0,0
23_k21.csv,0.0,0
23_k22.csv,4.5705075915608475,0
23_k23.csv,0.0,0
23_k24.csv,5.597014102602047,0
23_k25.csv,0.0,0
23_k26.csv,4.155891873236886,0
23_k27.csv,4.855345256822101,0
23_k28.csv,4.0320151295297775,0
23_k29.csv,5.6082208998965335,0
23_k3.csv,6.272528272400701,0
23_k30.csv,0.0,0
23_k31.csv,5.676449458543121,0
23_k32.csv,5.757196686282143,0
23_k33.csv,5.683200224116153,0
23_k34.csv,5.611518577002445,0
23_k35.csv,5.762155393326781,0
23_k36.csv,4.841474326065454,0
23_k4.csv,6.366376451634009,0
23_k5.csv,0.0,0
23_k6.csv,4.402342246727605,0
23_k7.csv,6.0063017683878375,0
23_k8.csv,6.263805946910143,0
23_k9.csv,0.0,0
24_k0.csv,5.118285263590085,0
24_k1.csv,5.133869479854606,0
24_k10.csv,5.543382975522367,0
24_k11.csv,7.042139969270786,0
24_k12.csv,0.0,0
24_k13.csv,5.6044443261159005,0
24_k14.csv,6.384546605666528,0
24_k15.csv,7.7319596646545135,0
24_k16.csv,0.0,0
24_k17.csv,5.61243095348445,0
24_k18.csv,6.336778660257188,0
24_k19.csv,0.0,0
24_k2.csv,4.968063488644233,0
24_k20.csv,0.0,0
24_k21.csv,0.0,0
24_k22.csv,7.217815140441946,0
24_k23.csv,0.0,0
24_k24.csv,5.7514807542067565,0
24_k25.csv,0.0,0
24_k26.csv,3.5100842438930098,0
24_k27.csv,5.709709627778965,0
24_k28.csv,5.157162798978322,0
24_k29.csv,5.069737757203453,0
24_k3.csv,7.482787133752532,0
24_k30.csv,0.0,0
24_k31.csv,4.154923760016169,0
24_k32.csv,5.015073115797558,0
24_k33.csv,5.148489161059742,0
24_k34.csv,5.169793650538241,0
24_k35.csv,5.0097071949857535,0
24_k36.csv,4.314107180710321,0
24_k4.csv,0.0,0
24_k5.csv,0.0,0
24_k6.csv,4.818194454525579e-15,0
24_k7.csv,4.968063488644233,0
24_k8.csv,7.459220450226692,0
24_k9.csv,0.0,0
25_k0.csv,5.737197045014503,0
25_k1.csv,5.702478379519246,0
25_k10.csv,5.723710046933593,0
25_k11.csv,6.960192258173058,0
25_k12.csv,0.0,0
25_k13.csv,6.503631740000437,0
25_k14.csv,5.654498668036903,0
25_k15.csv,7.683051491265736,0
25_k16.csv,0.0,0
25_k17.csv,6.46269249706855,0
25_k18.csv,5.632660863768168,0
25_k19.csv,0.0,0
25_k2.csv,5.50797174520827,0
25_k20.csv,0.0,0
25_k21.csv,0.0,0
25_k22.csv,6.813151314849943,0
25_k23.csv,0.0,0
25_k24.csv,6.409198480194341,0
25_k25.csv,0.0,0
25_k26.csv,6.801381748021821,0
25_k27.csv,7.091426366689816,0
25_k28.csv,6.783880621820205,0
25_k29.csv,6.572939552733235,0
25_k3.csv,6.701705437258908,0
25_k30.csv,0.0,0
25_k31.csv,6.389632552806826,0
25_k32.csv,5.174625173347035,0
25_k33.csv,6.0007615217458525,0
25_k34.csv,6.192560548324997,0
25_k35.csv,5.101677679185701,0
25_k36.csv,6.1811845906646585,0
25_k4.csv,8.439550811667589,0
25_k5.csv,0.0,0
25_k6.csv,6.95923777948824,0
25_k7.csv,5.595736007411525,0
25_k8.csv,6.701705437258908,0
25_k9.csv,0.0,0
26_k0.csv,4.778644544521753,0
26_k1.csv,4.746969670844505,0
26_k10.csv,5.875309752745425,0
26_k11.csv,5.780139342740514,0
26_k12.csv,0.0,0
26_k13.csv,6.060418963788644,0
26_k14.csv,7.9101748196232,1
26_k15.csv,6.799972845050196,0
26_k16.csv,0.0,0
26_k17.csv,6.008212207525608,0
26_k18.csv,7.896002497818079,1
26_k19.csv,0.0,0
26_k2.csv,4.719110493021501,1
26_k20.csv,0.0,0
26_k21.csv,0.0,0
26_k22.csv,9.688324549723747,0
26_k23.csv,0.0,0
26_k24.csv,5.090820154506245,0
26_k25.csv,0.0,0
26_k26.csv,4.7939297459922585,0
26_k27.csv,7.6702428788909245,0
26_k28.csv,4.644807530203549,0
26_k29.csv,6.128821273124332,0
26_k3.csv,7.039906734792348,0
26_k30.csv,0.0,0
26_k31.csv,5.156136049159882,0
26_k32.csv,4.647464978226067,0
26_k33.csv,5.134411399468673,0
26_k34.csv,5.157918972489256,0
26_k35.csv,4.645087924235549,0
26_k36.csv,5.002565950313957,0
26_k4.csv,7.749544534121011,0
26_k5.csv,0.0,0
26_k6.csv,5.7402319115120255,0
26_k7.csv,4.668451841332426,1
26_k8.csv,7.043057499685522,0
26_k9.csv,0.0,0
27_k0.csv,6.183140216906398,0
27_k1.csv,6.1963690375431,0
27_k10.csv,6.043706522880907,0
27_k11.csv,7.499403098021591,0
27_k12.csv,4.364016758919797,0
27_k13.csv,6.652609887864273,0
27_k14.csv,6.399822191093631,0
27_k15.csv,6.324872421920545,0
27_k16.csv,4.364016758919797,0
27_k17.csv,6.6415480505548405,0
27_k18.csv,6.399822191093631,0
27_k19.csv,0.0,0
27_k2.csv,6.189736148199482,0
27_k20.csv,0.0,0
27_k21.csv,0.0,0
27_k22.csv,4.9000000216707,0
27_k23.csv,0.0,0
27_k24.csv,6.272986314147527,0
27_k25.csv,0.0,0
27_k26.csv,6.634767361938947,0
27_k27.csv,7.583647446421128,0
27_k28.csv,7.200169590577501,0
27_k29.csv,6.901564628474348,0
27_k3.csv,6.6859756801355585,0
27_k30.csv,0.0,0
27_k31.csv,5.712695174448927,0
27_k32.csv,5.857365489523495,0
27_k33.csv,4.880262334381351,0
27_k34.csv,5.111052438840017,0
27_k35.csv,5.857365489523495,0
27_k36.csv,5.139132835808342,0
27_k4.csv,0.0,0
27_k5.csv,0.0,0
27_k6.csv,0.0,0
27_k7.csv,6.189736148199482,0
27_k8.csv,6.6859756801355585,0
27_k9.csv,0.0,0
28_k0.csv,5.213034413875766,0
28_k1.csv,5.215434625474474,0
28_k10.csv,4.750280572652062,0
28_k11.csv,6.988021705357673,0
28_k12.csv,0.0,0
28_k13.csv,6.3343446503243355,0
28_k14.csv,4.505439056670392,0
28_k15.csv,6.73602687406609,0
28_k16.csv,0.0,0
28_k17.csv,6.344251058498872,0
28_k18.csv,4.474770460844481,0
28_k19.csv,0.0,0
28_k2.csv,4.742157882319403,0
28_k20.csv,0.0,0
28_k21.csv,0.0,0
28_k22.csv,7.280977089229336,0
28_k23.csv,0.0,0
28_k24.csv,6.276882884487847,0
28_k25.csv,0.0,0
28_k26.csv,5.1131697797111695,0
28_k27.csv,3.7602504509154735,0
28_k28.csv,4.980094393990163,0
28_k29.csv,6.415154380848839,0
28_k3.csv,6.195935767993865,0
28_k30.csv,0.0,0
28_k31.csv,0.0,0
28_k32.csv,6.981045869611691,0
28_k33.csv,5.531121390996367,0
28_k34.csv,5.685361498302094,0
28_k35.csv,6.980767287881237,0
28_k36.csv,5.5859323275927695,0
28_k4.csv,9.157628137514203,0
28_k5.csv,0.0,0
28_k6.csv,5.9270264079517165,0
28_k7.csv,4.742504051097738,0
28_k8.csv,6.2135921995757135,0
28_k9.csv,0.0,0
29_k0.csv,6.084603417284588,1
29_k1.csv,6.070336254533871,1
29_k10.csv,6.6509431487487065,1
29_k11.csv,6.768938164581783,1
29_k12.csv,7.764541925171188,1
29_k13.csv,8.541253965423074,1
29_k14.csv,0.0,0
29_k15.csv,9.09418577877316,1
29_k16.csv,7.776507772064473,1
29_k17.csv,8.642026867007234,1
29_k18.csv,0.0,0
29_k19.csv,0.0,0
29_k2.csv,6.96358976466783,1
29_k20.csv,0.0,0
29_k21.csv,0.0,0
29_k22.csv,7.743435956163406,0
29_k23.csv,10.492312069008149,0
29_k24.csv,6.076786337462282,1
29_k25.csv,0.0,0
29_k26.csv,8.753910166001933,0
29_k27.csv,8.880647894500491,0
29_k28.csv,8.966801985928823,0
29_k29.csv,8.886994844336115,1
29_k3.csv,8.129957198729073,0
29_k30.csv,0.0,0
29_k31.csv,9.194301254010986,1
29_k32.csv,6.325883264152133,1
29_k33.csv,6.869296470197575,1
29_k34.csv,7.464423499934883,1
29_k35.csv,6.32588751376676,1
29_k36.csv,0.0,0
29_k4.csv,10.688951748928954,0
29_k5.csv,0.0,0
29_k6.csv,7.973157128985772,1
29_k7.csv,6.946883704339122,1
29_k8.csv,8.129957198729073,0
29_k9.csv,10.492312069008149,0
2_k0.csv,5.354768335069046,0
2_k1.csv,4.700481060877528,0
2_k10.csv,4.4134192242836185,0
2_k11.csv,5.602415444846344,0
2_k12.csv,4.891671713560587,0
2_k13.csv,5.279855786863414,0
2_k14.csv,5.346578260794993,0
2_k15.csv,6.0770172004197285,0
2_k16.csv,4.808970092169013,0
2_k17.csv,5.444037085524593,0
2_k18.csv,5.3659068439626205,0
2_k19.csv,0.0,0
2_k2.csv,4.606389923099153,0
2_k20.csv,0.0,0
2_k21.csv,0.0,0
2_k22.csv,8.543223901650922,1
2_k23.csv,0.0,0
2_k24.csv,5.863934928511169,0
2_k25.csv,0.0,0
2_k26.csv,5.095654841070581,0
2_k27.csv,6.144279549354451,0
2_k28.csv,5.613516348516454,0
2_k29.csv,5.429569163758251,0
2_k3.csv,4.987058608406912,0
2_k30.csv,0.0,0
2_k31.csv,0.0,0
2_k32.csv,0.0,0
2_k33.csv,5.1723427117910985,0
2_k34.csv,4.8795554607123846,0
2_k35.csv,0.0,0
2_k36.csv,4.490225417155856,0
2_k4.csv,8.184156910359077,0
2_k5.csv,0.0,0
2_k6.csv,6.950882326978261,0
2_k7.csv,4.616018545489384,0
2_k8.csv,4.987058608406912,0
2_k9.csv,0.0,0
30_k0.csv,5.743692610196412,0
30_k1.csv,5.735798221813525,0
30_k10.csv,5.114748777593388,0
30_k11.csv,7.1535173311785485,0
30_k12.csv,0.0,0
30_k13.csv,5.284173628992924,0
30_k14.csv,5.976841175509126,0
30_k15.csv,7.5909463089355524,0
30_k16.csv,0.0,0
30_k17.csv,5.264205482261211,0
30_k18.csv,5.976841175509126,0
30_k19.csv,0.0,0
30_k2.csv,5.677133137962576,0
30_k20.csv,0.0,0
30_k21.csv,0.0,0
30_k22.csv,11.02381629354444,0
30_k23.csv,0.0,0
30_k24.csv,7.455464422969824,0
30_k25.csv,0.0,0
30_k26.csv,7.168190950659499,0
30_k27.csv,5.512843456116143,0
30_k28.csv,7.164781744167278,0
30_k29.csv,6.310905921765871,0
30_k3.csv,8.343909196724013,0
30_k30.csv,0.0,0
30_k31.csv,6.286678820919581,0
30_k32.csv,5.541725840349328,0
30_k33.csv,5.6777271799916385,0
30_k34.csv,7.0463203869274835,0
30_k35.csv,5.5416284082756615,0
30_k36.csv,6.195878523318232,0
30_k4.csv,0.0,0
30_k5.csv,0.0,0
30_k6.csv,0.0,0
30_k7.csv,5.677133137962576,0
30_k8.csv,8.343909196724013,0
30_k9.csv,0.0,0
31_k0.csv,4.7500243268655185,0
31_k1.csv,4.784931831738071,0
31_k10.csv,5.1429454030099535,0
31_k11.csv,7.983712705336162,0
31_k12.csv,0.0,0
31_k13.csv,4.849227905694753,0
31_k14.csv,5.2820994725294685,0
31_k15.csv,7.229690042348016,0
31_k16.csv,0.0,0
31_k17.csv,4.854369370926428,0
31_k18.csv,5.2937642268297225,0
31_k19.csv,0.0,0
31_k2.csv,5.045691894320667,0
31_k20.csv,0.0,0
31_k21.csv,0.0,0
31_k22.csv,6.7571079245386265,0
31_k23.csv,0.0,0
31_k24.csv,4.556714271897514,0
31_k25.csv,0.0,0
31_k26.csv,5.3873374406370305,0
31_k27.csv,5.6536879063863585,0
31_k28.csv,4.618788816462531,0
31_k29.csv,6.115616207578085,0
31_k3.csv,6.626680499644376,0
31_k30.csv,0.0,0
31_k31.csv,6.617173921600777,0
31_k32.csv,4.939564947162169,0
31_k33.csv,5.042788845364563,0
31_k34.csv,5.190449325866728,0
31_k35.csv,4.938258898259477,0
31_k36.csv,4.866095258756973,0
31_k4.csv,2.2000000194867653,0
31_k5.csv,0.0,0
31_k6.csv,3.9127125908086575,0
31_k7.csv,5.006672128216996,0
31_k8.csv,6.626680499644376,0
31_k9.csv,0.0,0
32_k0.csv,4.152262791345819,0
32_k1.csv,4.169229788034064,0
32_k10.csv,5.441926765254616,0
32_k11.csv,7.004385644295289,0
32_k12.csv,0.0,0
32_k13.csv,5.970920247790412,0
32_k14.csv,6.402885001684374,0
32_k15.csv,6.9698165623507045,0
32_k16.csv,0.0,0
32_k17.csv,6.1585026592196765,0
32_k18.csv,6.390441491018982,0
32_k19.csv,0.0,0
32_k2.csv,4.149961411729378,0
32_k20.csv,0.0,0
32_k21.csv,0.0,0
32_k22.csv,6.06301142242662,0
32_k23.csv,0.0,0
32_k24.csv,4.234477392529243,0
32_k25.csv,0.0,0
32_k26.csv,4.721707637254483,0
32_k27.csv,5.798163636088218,0
32_k28.csv,5.024580346051313,0
32_k29.csv,5.568794711084447,0
32_k3.csv,5.818100132834719,0
32_k30.csv,0.0,0
32_k31.csv,0.0,0
32_k32.csv,4.51117550885288,0
32_k33.csv,5.2295795666539036,0
32_k34.csv,4.051389110876993,0
32_k35.csv,4.502695554450751,0
32_k36.csv,5.076576730944483,0
32_k4.csv,7.04542114646713,0
32_k5.csv,0.0,0
32_k6.csv,3.765323376554188,0
32_k7.csv,4.152015527830674,0
32_k8.csv,5.818100132834719,0
32_k9.csv,0.0,0
33_k0.csv,5.198252376482611,0
33_k1.csv,5.195212578177423,0
33_k10.csv,5.2112756000210085,0
33_k11.csv,7.9437869558944545,0
33_k12.csv,0.0,0
33_k13.csv,5.2112756000210085,0
33_k14.csv,0.0,0
33_k15.csv,7.951250129824666,0
33_k16.csv,0.0,0
33_k17.csv,5.2229098898084985,0
33_k18.csv,0.0,0
33_k19.csv,0.0,0
33_k2.csv,5.251251025905972,0
33_k20.csv,0.0,0
33_k21.csv,0.0,0
33_k22.csv,9.42555457337671,0
33_k23.csv,0.0,0
33_k24.csv,5.6557364762397375,0
33_k25.csv,0.0,0
33_k26.csv,5.714846175985807,0
33_k27.csv,7.7819548887814864,0
33_k28.csv,5.812339699897058,0
33_k29.csv,6.753166130790862,0
33_k3.csv,7.394113235458008,0
33_k30.csv,0.0,0
33_k31.csv,6.764278319172348,0
33_k32.csv,5.261598695698045,0
33_k33.csv,4.6246404498596565,0
33_k34.csv,4.9057989488923335,0
33_k35.csv,5.261598695698045,0
33_k36.csv,5.265613337445993,0
33_k4.csv,0.0,0
33_k5.csv,0.0,0
33_k6.csv,4.818194454525579e-15,0
33_k7.csv,5.251251025905972,0
33_k8.csv,7.394113235458008,0
33_k9.csv,0.0,0
34_k0.csv,6.726091927244754,0
34_k1.csv,7.133854042387165,0
34_k10.csv,7.235173274143188,0
34_k11.csv,7.835223508724091,0
34_k12.csv,0.0,0
34_k13.csv,7.359904053074869,0
34_k14.csv,6.6581619104274425,0
34_k15.csv,7.806330118101809,0
34_k16.csv,0.0,0
34_k17.csv,7.336239116985031,0
34_k18.csv,6.611163581322316,0
34_k19.csv,0.0,0
34_k2.csv,7.237150524132236,0
34_k20.csv,0.0,0
34_k21.csv,0.0,0
34_k22.csv,6.221862718948067,0
34_k23.csv,0.0,0
34_k24.csv,8.428343446265737,0
34_k25.csv,0.0,0
34_k26.csv,5.673487028914704,0
34_k27.csv,7.5515163682300175,0
34_k28.csv,7.118462673336272,0
34_k29.csv,7.942858337576905,0
34_k3.csv,8.879755409662312,0
34_k30.csv,0.0,0
34_k31.csv,5.377899323528791,0
34_k32.csv,7.276059350636205,0
34_k33.csv,5.3823596820489765,0
34_k34.csv,6.951810597411545,0
34_k35.csv,7.276059350636205,0
34_k36.csv,7.004332434911233,0
34_k4.csv,8.927502390467557,0
34_k5.csv,0.0,0
34_k6.csv,8.1978958631013,1
34_k7.csv,7.176946039133194,0
34_k8.csv,8.879755409662312,0
34_k9.csv,0.0,0
35_k0.csv,4.666100040773972,0
35_k1.csv,4.645257678216493,0
35_k10.csv,5.551725176354879,0
35_k11.csv,6.430374698838848,0
35_k12.csv,0.0,0
35_k13.csv,5.605472644420656,0
35_k14.csv,5.862248318067963,0
35_k15.csv,6.507758201485157,0
35_k16.csv,0.0,0
35_k17.csv,5.622038051117903,0
35_k18.csv,5.830253836935508,0
35_k19.csv,0.0,0
35_k2.csv,4.35586593897094,0
35_k20.csv,0.0,0
35_k21.csv,0.0,0
35_k22.csv,10.945145961553475,0
35_k23.csv,0.0,0
35_k24.csv,3.8000841379702974,0
35_k25.csv,0.0,0
35_k26.csv,6.001987432364258,0
35_k27.csv,7.525393041761742,0
35_k28.csv,5.797098035255573,0
35_k29.csv,5.458907021029961,0
35_k3.csv,7.381137758113954,0
35_k30.csv,0.0,0
35_k31.csv,5.2370823459238265,0
35_k32.csv,4.461109787645851,0
35_k33.csv,4.75726442337203,0
35_k34.csv,5.038734200086275,0
35_k35.csv,4.461109787645851,0
35_k36.csv,5.251673137879824,0
35_k4.csv,8.70243955053471,0
35_k5.csv,0.0,0
35_k6.csv,7.004319858205393,0
35_k7.csv,4.347270610363478,0
35_k8.csv,7.381137758113954,0
35_k9.csv,0.0,0
36_k0.csv,5.04853382377,0
36_k1.csv,5.035210975802261,0
36_k10.csv,5.100594929628809,0
36_k11.csv,6.516566499708112,0
36_k12.csv,4.86985649278216,0
36_k13.csv,5.1204931262214926,0
36_k14.csv,6.635723492139162,0
36_k15.csv,6.465414611890202,0
36_k16.csv,4.848995155585442,0
36_k17.csv,5.119625977172783,0
36_k18.csv,6.644789751260643,0
36_k19.csv,0.0,0
36_k2.csv,5.144219670710171,0
36_k20.csv,0.0,0
36_k21.csv,0.0,0
36_k22.csv,4.489605519280755,0
36_k23.csv,0.0,0
36_k24.csv,5.2559953689687715,0
36_k25.csv,0.0,0
36_k26.csv,4.719820939811308,0
36_k27.csv,6.1354998410426775,0
36_k28.csv,4.724652234431947,0
36_k29.csv,5.967017658284737,0
36_k3.csv,6.019171438561448,0
36_k30.csv,0.0,0
36_k31.csv,0.0,0
36_k32.csv,0.0,0
36_k33.csv,4.791180639868417,0
36_k34.csv,5.173282942321927,0
36_k35.csv,0.0,0
36_k36.csv,5.434181743227928,0
36_k4.csv,7.635877316332658,0
36_k5.csv,0.0,0
36_k6.csv,7.189420001584993,0
36_k7.csv,5.132364784948409,0
36_k8.csv,6.019171438561448,0
36_k9.csv,0.0,0
37_k0.csv,4.882582611770465,0
37_k1.csv,4.895840271804581,0
37_k10.csv,5.466019501721973,0
37_k11.csv,7.553915033878327,0
37_k12.csv,0.0,0
37_k13.csv,5.3728643123980415,0
37_k14.csv,5.183989517302974,0
37_k15.csv,7.157605799545298,0
37_k16.csv,0.0,0
37_k17.csv,5.338293392700036,0
37_k18.csv,5.1972383741271235,0
37_k19.csv,0.0,0
37_k2.csv,5.372331943799669,0
37_k20.csv,0.0,0
37_k21.csv,0.0,0
37_k22.csv,7.240573802053385,0
37_k23.csv,0.0,0
37_k24.csv,4.528961682222733,0
37_k25.csv,0.0,0
37_k26.csv,5.293000491416238,0
37_k27.csv,6.227880060024762,0
37_k28.csv,5.830529755795124,0
37_k29.csv,6.099942611256207,0
37_k3.csv,6.05512106705145,0
37_k30.csv,0.0,0
37_k31.csv,4.539444723057729,0
37_k32.csv,4.919891644551583,0
37_k33.csv,4.313471545601853,0
37_k34.csv,4.723248985657577,0
37_k35.csv,4.919891644551583,0
37_k36.csv,4.903300550511862,0
37_k4.csv,0.0,0
37_k5.csv,0.0,0
37_k6.csv,4.818194454525579e-15,0
37_k7.csv,5.372331943799669,0
37_k8.csv,6.05512106705145,0
37_k9.csv,0.0,0
38_k0.csv,4.528968678694782,0
38_k1.csv,4.51483103731563,0
38_k10.csv,5.025717063461328,0
38_k11.csv,6.537912468776471,0
38_k12.csv,11.388398536811945,0
38_k13.csv,5.021529069218822,0
38_k14.csv,5.549461344004079,0
38_k15.csv,4.5069361844168405,0
38_k16.csv,11.388398536811945,0
38_k17.csv,5.050521520964466,0
38_k18.csv,5.120528502908376,0
38_k19.csv,0.0,0
38_k2.csv,4.145931506108616,0
38_k20.csv,0.0,0
38_k21.csv,0.0,0
38_k22.csv,8.659004975518313,0
38_k23.csv,0.0,0
38_k24.csv,5.024313956191362,0
38_k25.csv,0.0,0
38_k26.csv,5.76318577885837,0
38_k27.csv,7.3335127929719315,0
38_k28.csv,5.698027159524197,0
38_k29.csv,6.788226994674946,0
38_k3.csv,5.98228273890643,0
38_k30.csv,0.0,0
38_k31.csv,5.253559074049598,0
38_k32.csv,4.330067456727641,0
38_k33.csv,5.060313967866418,0
38_k34.csv,5.079785681021855,0
38_k35.csv,4.3365169966853525,0
38_k36.csv,4.458307859900725,0
38_k4.csv,12.625422966019382,0
38_k5.csv,0.0,0
38_k6.csv,7.995201211985238,0
38_k7.csv,4.138027812555908,0
38_k8.csv,5.98228273890643,0
38_k9.csv,0.0,0
39_k0.csv,5.421901896858731,0
39_k1.csv,5.43144969019634,0
39_k10.csv,4.662350209274873,0
39_k11.csv,6.649371216741995,1
39_k12.csv,9.051196518864868,1
39_k13.csv,5.491117758622611,0
39_k14.csv,6.065734596719718,1
39_k15.csv,5.783140875313878,1
39_k16.csv,9.051196518864868,1
39_k17.csv,5.4406854480776605,0
39_k18.csv,6.065734596719718,1
39_k19.csv,0.0,0
39_k2.csv,5.531209856045583,0
39_k20.csv,0.0,0
39_k21.csv,0.0,0
39_k22.csv,13.200775752634714,0
39_k23.csv,0.0,0
39_k24.csv,7.6124006988521105,0
39_k25.csv,0.0,0
39_k26.csv,6.02851413745915,0
39_k27.csv,7.231772546863512,1
39_k28.csv,6.2000629325929495,0
39_k29.csv,6.533851485002673,1
39_k3.csv,6.423129638377342,1
39_k30.csv,0.0,0
39_k31.csv,6.7330175862130215,0
39_k32.csv,4.8839755974558665,0
39_k33.csv,4.937145959092884,0
39_k34.csv,5.580686430061022,0
39_k35.csv,4.828931319029827,0
39_k36.csv,5.099956341658613,0
39_k4.csv,7.689212561956106,0
39_k5.csv,0.0,0
39_k6.csv,6.714934401764793,0
39_k7.csv,5.543839068745326,0
39_k8.csv,6.423129638377342,1
39_k9.csv,0.0,0
3_k0.csv,5.771084286007409,0
3_k1.csv,5.75876908294235,0
3_k10.csv,5.169194366104555,0
3_k11.csv,7.5474782489301155,0
3_k12.csv,11.384453624083116,0
3_k13.csv,5.200746469952059,0
3_k14.csv,5.082117233907251,0
3_k15.csv,6.814198505470134,0
3_k16.csv,11.384453624083116,0
3_k17.csv,5.203792997792963,0
3_k18.csv,5.076755609553502,0
3_k19.csv,0.0,0
3_k2.csv,5.384134325877688,0
3_k20.csv,0.0,0
3_k21.csv,0.0,0
3_k22.csv,7.212322829019272,0
3_k23.csv,0.0,0
3_k24.csv,4.844429529933289,0
3_k25.csv,0.0,0
3_k26.csv,5.40247956165002,0
3_k27.csv,6.825356833290112,0
3_k28.csv,5.742236299246245,0
3_k29.csv,6.859344551530688,0
3_k3.csv,7.083603911201277,0
3_k30.csv,0.0,0
3_k31.csv,0.0,0
3_k32.csv,5.974058275892513,0
3_k33.csv,5.195017659681706,0
3_k34.csv,5.069646797431941,0
3_k35.csv,5.9924153122932236,0
3_k36.csv,5.372917977373476,0
3_k4.csv,8.005125259425984,0
3_k5.csv,0.0,0
3_k6.csv,6.039773975872144,0
3_k7.csv,5.3809311508688475,0
3_k8.csv,7.083603911201277,0
3_k9.csv,0.0,0
40_k0.csv,5.318699025106026,0
40_k1.csv,5.2993882719092245,0
40_k10.csv,5.760966159442017,0
40_k11.csv,6.240012552868768,0
40_k12.csv,0.0,0
40_k13.csv,5.665045143646712,0
40_k14.csv,5.5903220548895325,0
40_k15.csv,6.459733110866172,0
40_k16.csv,0.0,0
40_k17.csv,5.662501796347468,0
40_k18.csv,5.566751489561589,0
40_k19.csv,0.0,0
40_k2.csv,5.088572144698422,0
40_k20.csv,0.0,0
40_k21.csv,0.0,0
40_k22.csv,7.758118855306837,0
40_k23.csv,0.0,0
40_k24.csv,4.8981294926922985,0
40_k25.csv,0.0,0
40_k26.csv,5.947958229309873,0
40_k27.csv,6.568635063229849,0
40_k28.csv,5.788368467674607,0
40_k29.csv,6.644123520682102,0
40_k3.csv,6.131212177416285,0
40_k30.csv,0.0,0
40_k31.csv,4.637439203755421,0
40_k32.csv,4.786648457051676,0
40_k33.csv,5.108749294383618,0
40_k34.csv,5.072279287079772,0
40_k35.csv,4.789358745748954,0
40_k36.csv,5.7068624581361185,0
40_k4.csv,6.371883985472612,0
40_k5.csv,0.0,0
40_k6.csv,6.073086848843001,0
40_k7.csv,5.114259192648636,0
40_k8.csv,6.131212177416285,0
40_k9.csv,0.0,0
41_k0.csv,5.258392227523996,0
41_k1.csv,5.249157256955684,0
41_k10.csv,5.948347819210158,0
41_k11.csv,6.941587280723502,1
41_k12.csv,5.888510187759656,0
41_k13.csv,5.695197414056978,0
41_k14.csv,5.395697775932177,1
41_k15.csv,7.677850380892704,0
41_k16.csv,5.869823605053519,0
41_k17.csv,5.714202431298822,0
41_k18.csv,5.359734782554714,1
41_k19.csv,0.0,0
41_k2.csv,5.976264769486464,0
41_k20.csv,0.0,0
41_k21.csv,7.2584724933049385,1
41_k22.csv,6.311420960865992,1
41_k23.csv,0.0,0
41_k24.csv,5.695355769336059,0
41_k25.csv,0.0,0
41_k26.csv,6.016156453069472,0
41_k27.csv,5.974991178286668,0
41_k28.csv,6.195554206750213,0
41_k29.csv,5.698504453308673,0
41_k3.csv,6.494454096437888,1
41_k30.csv,0.0,0
41_k31.csv,7.435238283363963,0
41_k32.csv,6.1665783650565995,0
41_k33.csv,5.2499978007438965,0
41_k34.csv,7.057483468148766,0
41_k35.csv,6.206374354841159,0
41_k36.csv,5.626329784627018,0
41_k4.csv,8.146731790884617,0
41_k5.csv,0.0,0
41_k6.csv,6.787327830568635,0
41_k7.csv,6.0223840547749505,0
41_k8.csv,6.494454096437888,1
41_k9.csv,0.0,0
42_k0.csv,5.283896260311449,0
42_k1.csv,5.2370862559853135,0
42_k10.csv,4.676156578892127,0
42_k11.csv,6.449187566212148,0
42_k12.csv,0.0,0
42_k13.csv,4.560256528271601,0
42_k14.csv,6.176532798322164,0
42_k15.csv,6.889776513223473,0
42_k16.csv,0.0,0
42_k17.csv,4.498072720413695,0
42_k18.csv,6.202809561838382,0
42_k19.csv,0.0,0
42_k2.csv,5.041466118170821,0
42_k20.csv,0.0,0
42_k21.csv,0.0,0
42_k22.csv,7.5422716515901875,1
42_k23.csv,0.0,0
42_k24.csv,5.1225805598348915,0
42_k25.csv,0.0,0
42_k26.csv,5.5692335074341806,0
42_k27.csv,6.634099946385393,0
42_k28.csv,4.489109679559808,0
42_k29.csv,6.756473210599477,0
42_k3.csv,7.147239888422173,0
42_k30.csv,0.0,0
42_k31.csv,6.1227698834719995,0
42_k32.csv,5.3601708311006995,0
42_k33.csv,4.77719941795978,0
42_k34.csv,5.273956479382632,0
42_k35.csv,5.368315811114603,0
42_k36.csv,5.416618635817871,0
42_k4.csv,7.473146355127938,0
42_k5.csv,0.0,0
42_k6.csv,5.671159543021907,0
42_k7.csv,5.0480910161543875,0
42_k8.csv,7.147239888422173,0
42_k9.csv,0.0,0
43_k0.csv,6.8419519567738964,0
43_k1.csv,6.831069976180239,0
43_k10.csv,6.1137712969477285,0
43_k11.csv,6.374805571622747,0
43_k12.csv,0.0,0
43_k13.csv,6.1137712969477285,0
43_k14.csv,0.0,0
43_k15.csv,6.551729458030378,0
43_k16.csv,0.0,0
43_k17.csv,6.111567914157669,0
43_k18.csv,0.0,0
43_k19.csv,0.0,0
43_k2.csv,6.0122721725293315,0
43_k20.csv,0.0,0
43_k21.csv,0.0,0
43_k22.csv,9.726372361722047,0
43_k23.csv,0.0,0
43_k24.csv,7.929594795669089,0
43_k25.csv,0.0,0
43_k26.csv,6.326919015446829,0
43_k27.csv,6.696799838278746,0
43_k28.csv,6.181727839431666,0
43_k29.csv,5.7379498979537775,0
43_k3.csv,5.738317110409953,0
43_k30.csv,0.0,0
43_k31.csv,5.253548657670245,0
43_k32.csv,6.383220643793077,0
43_k33.csv,5.81067778619034,0
43_k34.csv,4.803179615572693,0
43_k35.csv,6.404294035323797,0
43_k36.csv,5.6955905005818135,0
43_k4.csv,10.398261316591297,0
43_k5.csv,0.0,0
43_k6.csv,6.848435638199036,0
43_k7.csv,6.012722411813357,0
43_k8.csv,5.738317110409953,0
43_k9.csv,0.0,0
44_k0.csv,4.650733479105572,0
44_k1.csv,4.64709794245092,0
44_k10.csv,5.833738997398155,0
44_k11.csv,6.351688293813819,0
44_k12.csv,0.0,0
44_k13.csv,5.737259778520203,0
44_k14.csv,4.482264980026695,0
44_k15.csv,5.857218826064654,0
44_k16.csv,0.0,0
44_k17.csv,5.857225511157563,0
44_k18.csv,4.495564369066332,0
44_k19.csv,0.0,0
44_k2.csv,4.976490623732666,0
44_k20.csv,0.0,0
44_k21.csv,0.0,0
44_k22.csv,5.367229681910804,0
44_k23.csv,0.0,0
44_k24.csv,5.708071233396816,0
44_k25.csv,0.0,0
44_k26.csv,4.622905151066207,0
44_k27.csv,6.829958205091889,0
44_k28.csv,5.606970689296564,0
44_k29.csv,5.097105596648543,0
44_k3.csv,5.953149168771539,0
44_k30.csv,0.0,0
44_k31.csv,5.3320515682146805,0
44_k32.csv,5.115858582538035,0
44_k33.csv,5.410363682246934,0
44_k34.csv,5.822209146663103,0
44_k35.csv,5.114114258606257,0
44_k36.csv,5.200105636444793,0
44_k4.csv,7.592727347257277,0
44_k5.csv,0.0,0
44_k6.csv,6.0805860106460985,0
44_k7.csv,4.964557186710602,0
44_k8.csv,5.953149168771539,0
44_k9.csv,0.0,0
45_k0.csv,5.103555717357071,0
45_k1.csv,5.121197446443643,0
45_k10.csv,4.770609133322919,0
45_k11.csv,6.980915329396979,1
45_k12.csv,0.0,0
45_k13.csv,4.574058388734987,0
45_k14.csv,5.365092876272223,1
45_k15.csv,6.876361977660687,1
45_k16.csv,0.0,0
45_k17.csv,4.334054247667759,0
45_k18.csv,5.360789176191814,1
45_k19.csv,0.0,0
45_k2.csv,4.445999707951956,0
45_k20.csv,0.0,0
45_k21.csv,0.0,0
45_k22.csv,5.278661961166896,0
45_k23.csv,0.0,0
45_k24.csv,6.456278628940443,0
45_k25.csv,0.0,0
45_k26.csv,6.238512346494717,1
45_k27.csv,9.057437075980056,0
45_k28.csv,6.289721935254737,0
45_k29.csv,8.134084002200401,0
45_k3.csv,6.100575083038874,0
45_k30.csv,0.0,0
45_k31.csv,6.329754260110535,0
45_k32.csv,5.057309748188095,0
45_k33.csv,5.670963515575035,0
45_k34.csv,4.78045000241592,0
45_k35.csv,5.057309748188095,0
45_k36.csv,5.767629987963828,0
45_k4.csv,9.339970002925435,0
45_k5.csv,0.0,0
45_k6.csv,6.680467419708233,0
45_k7.csv,4.437406799733519,0
45_k8.csv,6.100575083038874,0
45_k9.csv,0.0,0
46_k0.csv,5.129203995355477,1
46_k1.csv,5.134792020790818,1
46_k10.csv,6.160537571561908,1
46_k11.csv,6.774888445829284,0
46_k12.csv,6.488293079525738,1
46_k13.csv,6.42845317238263,0
46_k14.csv,5.1947427332476135,0
46_k15.csv,6.7139616637614274,0
46_k16.csv,6.351629582120426,0
46_k17.csv,6.407020175988446,1
46_k18.csv,5.1819904437523086,0
46_k19.csv,0.0,0
46_k2.csv,5.3335763016709885,1
46_k20.csv,0.0,0
46_k21.csv,6.682884284970412,1
46_k22.csv,8.145023178184141,0
46_k23.csv,0.0,0
46_k24.csv,6.3950515002347625,0
46_k25.csv,0.0,0
46_k26.csv,6.1977105363380725,0
46_k27.csv,6.526296583741317,0
46_k28.csv,6.45101396031508,0
46_k29.csv,6.1856878418116725,0
46_k3.csv,6.517734442340827,0
46_k30.csv,0.0,0
46_k31.csv,5.755990724824438,0
46_k32.csv,5.646532818812593,1
46_k33.csv,5.122804281758,0
46_k34.csv,5.648775561260153,0
46_k35.csv,5.6412020255628885,1
46_k36.csv,5.538957585129035,0
46_k4.csv,7.764687756420631,1
46_k5.csv,0.0,0
46_k6.csv,6.398006588311692,0
46_k7.csv,5.335519573471325,1
46_k8.csv,6.517734442340827,0
46_k9.csv,0.0,0
47_k0.csv,4.872400686148307,0
47_k1.csv,4.821223082600255,0
47_k10.csv,6.3939444849422165,0
47_k11.csv,7.173287765395048,0
47_k12.csv,6.3939444849422165,0
47_k13.csv,0.0,0
47_k14.csv,0.0,0
47_k15.csv,7.24347354841871,0
47_k16.csv,6.1981391434934725,0
47_k17.csv,0.0,0
47_k18.csv,0.0,0
47_k19.csv,0.0,0
47_k2.csv,5.680263120625051,0
47_k20.csv,0.0,0
47_k21.csv,0.0,0
47_k22.csv,7.682020853548059,0
47_k23.csv,0.0,0
47_k24.csv,6.260860170959591,1
47_k25.csv,0.0,0
47_k26.csv,5.7569052210034535,0
47_k27.csv,8.729705431708442,0
47_k28.csv,6.7909423201838965,0
47_k29.csv,7.635281454885873,0
47_k3.csv,5.501706177624147,0
47_k30.csv,0.0,0
47_k31.csv,5.309223259910183,0
47_k32.csv,5.78639233983912,0
47_k33.csv,6.093009176936704,0
47_k34.csv,7.045870350356281,0
47_k35.csv,5.786066720353037,0
47_k36.csv,0.0,0
47_k4.csv,8.564340568203638,0
47_k5.csv,0.0,0
47_k6.csv,6.112363953910588,0
47_k7.csv,5.6642832249621025,0
47_k8.csv,5.501706177624147,0
47_k9.csv,0.0,0
48_k0.csv,5.2924861833289585,0
48_k1.csv,5.217546636173706,0
48_k10.csv,6.0461622445637655,0
48_k11.csv,6.375766482678659,0
48_k12.csv,0.0,0
48_k13.csv,5.286722533694151,0
48_k14.csv,6.3101693148131215,0
48_k15.csv,5.457783587047329,0
48_k16.csv,0.0,0
48_k17.csv,5.4229737534959686,0
48_k18.csv,6.392644761427086,0
48_k19.csv,0.0,0
48_k2.csv,5.1560229612801916,0
48_k20.csv,0.0,0
48_k21.csv,0.0,0
48_k22.csv,7.0983113453973,0
48_k23.csv,0.0,0
48_k24.csv,5.473145563970723,0
48_k25.csv,0.0,0
48_k26.csv,5.465084337203251,0
48_k27.csv,6.309521672997107,0
48_k28.csv,5.084841342860209,0
48_k29.csv,6.875729268148183,0
48_k3.csv,6.588381112398821,0
48_k30.csv,0.0,0
48_k31.csv,5.541279440749522,0
48_k32.csv,5.348671408310496,0
48_k33.csv,5.009503476226267,0
48_k34.csv,4.714144714349244,0
48_k35.csv,5.332763489411444,0
48_k36.csv,6.704445159465759,0
48_k4.csv,7.8084884721738845,0
48_k5.csv,0.0,0
48_k6.csv,6.558540035276536,0
48_k7.csv,5.165881328776074,0
48_k8.csv,6.526388204085777,0
48_k9.csv,0.0,0
49_k0.csv,5.1768252895856905,0
49_k1.csv,5.183507041922742,0
49_k10.csv,5.34033547258455,1
49_k11.csv,5.750388764374501,0
49_k12.csv,0.0,0
49_k13.csv,4.7046541496903815,1
49_k14.csv,6.540162847832537,0
49_k15.csv,5.8280372705347965,0
49_k16.csv,0.0,0
49_k17.csv,4.715325848431365,1
49_k18.csv,6.520184134339197,0
49_k19.csv,0.0,0
49_k2.csv,5.26109996468553,0
49_k20.csv,0.0,0
49_k21.csv,0.0,0
49_k22.csv,6.8737186434172735,0
49_k23.csv,0.0,0
49_k24.csv,6.5183279055264425,0
49_k25.csv,0.0,0
49_k26.csv,4.9393250289394315,0
49_k27.csv,7.070532025639332,0
49_k28.csv,4.8623181490161915,0
49_k29.csv,7.976579573035514,0
49_k3.csv,7.51967291072186,0
49_k30.csv,0.0,0
49_k31.csv,0.0,0
49_k32.csv,5.066994624563038,0
49_k33.csv,6.004886876974339,0
49_k34.csv,5.492801370382142,0
49_k35.csv,5.129602243427168,0
49_k36.csv,5.3113568175672885,0
49_k4.csv,5.354587454553721,0
49_k5.csv,0.0,0
49_k6.csv,6.811053584452326,0
49_k7.csv,5.2568391854298016,0
49_k8.csv,7.51967291072186,0
49_k9.csv,0.0,0
4_k0.csv,4.818858111250514,0
4_k1.csv,4.805019076290302,0
4_k10.csv,7.180204612180085,0
4_k11.csv,8.266200366601945,0
4_k12.csv,0.0,0
4_k13.csv,7.091001922506938,0
4_k14.csv,6.200715165043948,0
4_k15.csv,8.084693960394384,0
4_k16.csv,0.0,0
4_k17.csv,7.082346391106633,0
4_k18.csv,6.2387763153172076,0
4_k19.csv,0.0,0
4_k2.csv,6.646890172058222,0
4_k20.csv,0.0,0
4_k21.csv,0.0,0
4_k22.csv,9.463090942817203,0
4_k23.csv,0.0,0
4_k24.csv,4.797430209894465,0
4_k25.csv,0.0,0
4_k26.csv,7.29996902531001,0
4_k27.csv,6.587853529987202,0
4_k28.csv,4.708819502419088,0
4_k29.csv,6.2025253944405545,0
4_k3.csv,8.019802812409774,0
4_k30.csv,0.0,0
4_k31.csv,6.104775247060094,0
4_k32.csv,6.851105528844191,0
4_k33.csv,4.49705262491767,0
4_k34.csv,4.488448018913874,0
4_k35.csv,6.818169798094697,0
4_k36.csv,8.205347970248985,0
4_k4.csv,7.3452445906358115,0
4_k5.csv,0.0,0
4_k6.csv,5.5347735907543605,0
4_k7.csv,6.639347472625926,0
4_k8.csv,8.019802812409774,0
4_k9.csv,0.0,0
50_k0.csv,5.8524172508583225,0
50_k1.csv,5.854491558977327,0
50_k10.csv,6.2991715219602185,0
50_k11.csv,7.229549407976308,0
50_k12.csv,0.0,0
50_k13.csv,5.655139998458724,0
50_k14.csv,5.970883218489964,0
50_k15.csv,6.48586234945008,0
50_k16.csv,0.0,0
50_k17.csv,5.686570735179977,0
50_k18.csv,5.998798571737914,0
50_k19.csv,0.0,0
50_k2.csv,5.7283649749686285,0
50_k20.csv,0.0,0
50_k21.csv,0.0,0
50_k22.csv,10.697274149532392,0
50_k23.csv,0.0,0
50_k24.csv,5.2960405212162085,0
50_k25.csv,0.0,0
50_k26.csv,6.445779355756122,0
50_k27.csv,7.279541486966925,0
50_k28.csv,7.024444315613091,0
50_k29.csv,8.427185470219403,0
50_k3.csv,7.226276589980434,0
50_k30.csv,0.0,0
50_k31.csv,4.530736548623233,0
50_k32.csv,5.437301145756524,0
50_k33.csv,5.533668720350481,0
50_k34.csv,5.259294998416587,0
50_k35.csv,5.38585602615084,0
50_k36.csv,5.665767540698682,0
50_k4.csv,9.496719556049964,0
50_k5.csv,0.0,0
50_k6.csv,7.250196737410572,0
50_k7.csv,5.723296141456817,0
50_k8.csv,7.226276589980434,0
50_k9.csv,0.0,0
51_k0.csv,5.437309997491084,0
51_k1.csv,5.421081069038541,0
51_k10.csv,4.993055903617578,0
51_k11.csv,6.1172797488017485,0
51_k12.csv,5.766168896940175,1
51_k13.csv,5.751846358780607,0
51_k14.csv,7.502866870499194,0
51_k15.csv,6.38159019486379,0
51_k16.csv,5.766168896940175,1
51_k17.csv,5.672158090068597,0
51_k18.csv,7.740314113246438,0
51_k19.csv,0.0,0
51_k2.csv,5.378426429499845,0
51_k20.csv,0.0,0
51_k21.csv,0.0,0
51_k22.csv,5.957677221235435,0
51_k23.csv,0.0,0
51_k24.csv,9.283478535657222,0
51_k25.csv,0.0,0
51_k26.csv,7.91179213846694,0
51_k27.csv,6.887545875717057,0
51_k28.csv,7.073489966415449,0
51_k29.csv,7.95039136259583,0
51_k3.csv,6.1876276379909525,0
51_k30.csv,0.0,0
51_k31.csv,6.810174628551535,0
51_k32.csv,4.779145126342426,0
51_k33.csv,5.194849385689054,0
51_k34.csv,5.225676104230209,0
51_k35.csv,4.769314891573236,0
51_k36.csv,6.678982029433758,0
51_k4.csv,7.829390306359113,0
51_k5.csv,0.0,0
51_k6.csv,7.784605478906768,0
51_k7.csv,5.451899018462829,0
51_k8.csv,6.1876276379909525,0
51_k9.csv,0.0,0
52_k0.csv,5.2566549880056765,0
52_k1.csv,5.2629443781916985,0
52_k10.csv,5.1321751890552125,0
52_k11.csv,6.9190747136182535,0
52_k12.csv,8.573269763378686,0
52_k13.csv,5.76778481722725,0
52_k14.csv,5.392467466900655,0
52_k15.csv,7.0438037803183535,0
52_k16.csv,7.428326906465285,0
52_k17.csv,5.647941999616751,0
52_k18.csv,5.390930307808052,0
52_k19.csv,0.0,0
52_k2.csv,6.137015945693261,0
52_k20.csv,0.0,0
52_k21.csv,0.0,0
52_k22.csv,4.162815704268274,0
52_k23.csv,0.0,0
52_k24.csv,4.7365964505841145,0
52_k25.csv,0.0,0
52_k26.csv,5.296560599182098,0
52_k27.csv,6.211998281196247,0
52_k28.csv,5.5274872731595766,0
52_k29.csv,5.263267110710181,0
52_k3.csv,6.327052319116151,0
52_k30.csv,0.0,0
52_k31.csv,5.478424831561208,0
52_k32.csv,6.084508229575348,0
52_k33.csv,4.931563519712419,0
52_k34.csv,4.988294270171535,0
52_k35.csv,6.100291446656318,0
52_k36.csv,5.859193773005141,0
52_k4.csv,7.8166601702302385,0
52_k5.csv,0.0,0
52_k6.csv,5.560888024536337,0
52_k7.csv,6.143696621171044,0
52_k8.csv,6.327052319116151,0
52_k9.csv,0.0,0
53_k0.csv,5.385857156836782,0
53_k1.csv,5.414515224125063,0
53_k10.csv,4.787852861121568,0
53_k11.csv,7.375008788303923,0
53_k12.csv,0.0,0
53_k13.csv,4.342145720788621,0
53_k14.csv,6.091653908171793,0
53_k15.csv,7.112754670857147,0
53_k16.csv,0.0,0
53_k17.csv,3.133743253196404,0
53_k18.csv,6.151277943733603,0
53_k19.csv,0.0,0
53_k2.csv,5.56628337354216,0
53_k20.csv,0.0,0
53_k21.csv,0.0,0
53_k22.csv,5.025375216286323,0
53_k23.csv,0.0,0
53_k24.csv,5.640495510554642,0
53_k25.csv,0.0,0
53_k26.csv,6.1739182099408065,0
53_k27.csv,6.713955933348719,0
53_k28.csv,5.2220879421598525,0
53_k29.csv,7.726405551404703,1
53_k3.csv,6.4246189442233685,0
53_k30.csv,0.0,0
53_k31.csv,5.717318992015692,0
53_k32.csv,6.387741070311187,0
53_k33.csv,4.829209061650818,0
53_k34.csv,5.535712265512856,0
53_k35.csv,6.391120873438294,0
53_k36.csv,4.9416154455455965,0
53_k4.csv,5.666416447978804,0
53_k5.csv,0.0,0
53_k6.csv,5.355494042743911,0
53_k7.csv,5.552428568925289,0
53_k8.csv,6.4246189442233685,0
53_k9.csv,0.0,0
5_k0.csv,5.525486741309236,1
5_k1.csv,5.490586258744536,1
5_k10.csv,4.7168207369151816,0
5_k11.csv,5.824454882504412,0
5_k12.csv,0.0,0
5_k13.csv,5.1931711102367295,0
5_k14.csv,5.5090278730890505,0
5_k15.csv,6.570304725956607,0
5_k16.csv,0.0,0
5_k17.csv,5.179302231866994,0
5_k18.csv,5.5090278730890505,0
5_k19.csv,0.0,0
5_k2.csv,6.008323010709829,1
5_k20.csv,0.0,0
5_k21.csv,0.0,0
5_k22.csv,9.526053036456645,0
5_k23.csv,0.0,0
5_k24.csv,6.07971777837389,0
5_k25.csv,0.0,0
5_k26.csv,5.233170103130603,0
5_k27.csv,5.435123774537944,0
5_k28.csv,5.54280722983163,0
5_k29.csv,6.594333421730503,0
5_k3.csv,6.045458937980393,0
5_k30.csv,0.0,0
5_k31.csv,6.93056236546638,0
5_k32.csv,6.032628783288997,1
5_k33.csv,5.609916225233415,0
5_k34.csv,5.405197211071021,0
5_k35.csv,6.032829450531795,1
5_k36.csv,5.197103402715054,0
5_k4.csv,7.58772074284557,0
5_k5.csv,0.0,0
5_k6.csv,5.823704206907608,0
5_k7.csv,6.006108541672687,1
5_k8.csv,6.045458937980393,0
5_k9.csv,0.0,0
6_k0.csv,4.919268398390928,0
6_k1.csv,4.874507461067398,0
6_k10.csv,6.484358935697224,0
6_k11.csv,9.991679806607317,0
6_k12.csv,10.506133015807952,0
6_k13.csv,5.8055206783243865,0
6_k14.csv,6.606611774889162,0
6_k15.csv,7.636241718944446,0
6_k16.csv,10.506133015807952,0
6_k17.csv,5.753247366930924,0
6_k18.csv,6.972990992723285,0
6_k19.csv,0.0,0
6_k2.csv,4.665245531724094,0
6_k20.csv,0.0,0
6_k21.csv,0.0,0
6_k22.csv,8.850532439785349,0
6_k23.csv,0.0,0
6_k24.csv,5.070224079789795,1
6_k25.csv,0.0,0
6_k26.csv,6.5613813560209735,0
6_k27.csv,8.038252731436836,0
6_k28.csv,6.267715867769578,0
6_k29.csv,8.119003126139491,0
6_k3.csv,6.833319763267026,0
6_k30.csv,0.0,0
6_k31.csv,6.25014429530511,0
6_k32.csv,5.081517182336389,0
6_k33.csv,4.627628827418218,0
6_k34.csv,5.912543190502424,0
6_k35.csv,5.101806615925842,0
6_k36.csv,4.834309382327975,0
6_k4.csv,7.825484260390544,0
6_k5.csv,0.0,0
6_k6.csv,6.716012313655652,0
6_k7.csv,4.760903894565471,0
6_k8.csv,6.833319763267026,0
6_k9.csv,0.0,0
7_k0.csv,6.862418085432725,0
7_k1.csv,6.879129879094392,0
7_k10.csv,7.1629121441752135,1
7_k11.csv,6.9546164533042285,1
7_k12.csv,0.0,0
7_k13.csv,7.289906716413862,1
7_k14.csv,7.612594258424072,0
7_k15.csv,7.4393690505727985,1
7_k16.csv,0.0,0
7_k17.csv,7.290046565863656,1
7_k18.csv,7.648010766274381,0
7_k19.csv,0.0,0
7_k2.csv,7.398417117910816,0
7_k20.csv,0.0,0
7_k21.csv,0.0,0
7_k22.csv,18.419829805999086,0
7_k23.csv,0.0,0
7_k24.csv,5.463859504176527,0
7_k25.csv,0.0,0
7_k26.csv,8.734299260984281,0
7_k27.csv,10.012438288266232,0
7_k28.csv,8.071651063191407,0
7_k29.csv,6.894094113164673,0
7_k3.csv,10.277069831278196,0
7_k30.csv,0.0,0
7_k31.csv,7.058745103079603,0
7_k32.csv,6.753290755627261,0
7_k33.csv,5.693628590530874,1
7_k34.csv,8.05763326282624,1
7_k35.csv,6.669877986754563,0
7_k36.csv,7.859316055065715,0
7_k4.csv,4.900000020198962,0
7_k5.csv,0.0,0
7_k6.csv,6.430546491858945,1
7_k7.csv,7.398902602482227,0
7_k8.csv,10.277069831278196,0
7_k9.csv,0.0,0
8_k0.csv,5.4309921870995685,0
8_k1.csv,5.316202462401725,0
8_k10.csv,5.560020234372858,0
8_k11.csv,8.289248642030168,0
8_k12.csv,0.0,0
8_k13.csv,5.314247363737377,0
8_k14.csv,6.3271415440447125,0
8_k15.csv,8.559377158628108,0
8_k16.csv,0.0,0
8_k17.csv,5.2781703997850125,0
8_k18.csv,6.3271415440447125,0
8_k19.csv,0.0,0
8_k2.csv,5.832072134899021,0
8_k20.csv,0.0,0
8_k21.csv,0.0,0
8_k22.csv,11.642262675209247,1
8_k23.csv,0.0,0
8_k24.csv,8.31645994051569,1
8_k25.csv,0.0,0
8_k26.csv,5.577880277476778,0
8_k27.csv,6.271115855201487,0
8_k28.csv,4.5314941413070455,0
8_k29.csv,5.770960410542027,0
8_k3.csv,6.378646944914994,0
8_k30.csv,0.0,0
8_k31.csv,7.088901185676763,0
8_k32.csv,0.0,0
8_k33.csv,5.107171332784357,0
8_k34.csv,5.138570778992744,0
8_k35.csv,0.0,0
8_k36.csv,4.81604774225017,0
8_k4.csv,7.274408442748554,0
8_k5.csv,0.0,0
8_k6.csv,7.4250149604062,0
8_k7.csv,5.8012077339245485,0
8_k8.csv,6.317794088047439,0
8_k9.csv,0.0,0
9_k0.csv,5.14883712633113,0
9_k1.csv,5.133597909528612,0
9_k10.csv,6.118297554617088,0
9_k11.csv,7.504982795748522,0
9_k12.csv,7.232190312252576,0
9_k13.csv,4.986624088325447,0
9_k14.csv,5.370885324262445,0
9_k15.csv,7.5035034180717854,0
9_k16.csv,7.232190312252576,0
9_k17.csv,4.790497585507335,0
9_k18.csv,5.402792200633705,0
9_k19.csv,0.0,0
9_k2.csv,5.5014492867004945,0
9_k20.csv,0.0,0
9_k21.csv,0.0,0
9_k22.csv,8.795367256533915,0
9_k23.csv,0.0,0
9_k24.csv,5.788606626961678,0
9_k25.csv,0.0,0
9_k26.csv,4.713442908667666,0
9_k27.csv,6.18618746513317,0
9_k28.csv,6.0005040389319255,0
9_k29.csv,4.910050969765446,0
9_k3.csv,6.906524679575468,0
9_k30.csv,0.0,0
9_k31.csv,6.04249559602475,0
9_k32.csv,5.741088842576518,0
9_k33.csv,6.3612842820466575,0
9_k34.csv,6.149962955737238,0
9_k35.csv,5.710321861068343,0
9_k36.csv,5.399297034366343,0
9_k4.csv,7.861242117523996,0
9_k5.csv,0.0,0
9_k6.csv,5.42842937907888,0
9_k7.csv,5.5149630851974205,0
9_k8.csv,6.906524679575468,0
9_k9.csv,0.0,0
