0_k0.csv,9.837432549203653
0_k1.csv,9.951994796143637
0_k10.csv,8.621369071237384
0_k11.csv,7.212417233438812
0_k12.csv,0.0
0_k13.csv,6.911373779428912
0_k14.csv,8.490363928056695
0_k15.csv,6.813162669902829
0_k16.csv,0.0
0_k17.csv,6.805537099220644
0_k18.csv,8.526814548786076
0_k19.csv,0.0
0_k2.csv,6.10478168972537
0_k20.csv,0.0
0_k21.csv,0.0
0_k22.csv,9.303045744260558
0_k23.csv,0.0
0_k24.csv,7.723100937016132
0_k25.csv,0.0
0_k26.csv,8.435632943863185
0_k27.csv,9.293427970264226
0_k28.csv,9.520341262855123
0_k29.csv,6.99948813530665
0_k3.csv,7.72866252434484
0_k30.csv,0.0
0_k31.csv,8.948495381559956
0_k32.csv,11.383320718598629
0_k33.csv,7.071760115169613
0_k34.csv,7.417371710027319
0_k35.csv,11.379305786192418
0_k36.csv,8.942595583877543
0_k4.csv,0.0
0_k5.csv,0.0
0_k6.csv,3.932681064150601
0_k7.csv,5.967528728586959
0_k8.csv,7.72866252434484
0_k9.csv,0.0
10_k0.csv,6.8121545043415095
10_k1.csv,6.730514573111918
10_k10.csv,6.515268623387196
10_k11.csv,8.39030096741203
10_k12.csv,0.0
10_k13.csv,6.180475174102838
10_k14.csv,7.231807852590563
10_k15.csv,6.701922981255966
10_k16.csv,0.0
10_k17.csv,6.178341729880114
10_k18.csv,7.219763764866193
10_k19.csv,0.0
10_k2.csv,7.373394879411942
10_k20.csv,0.0
10_k21.csv,0.0
10_k22.csv,9.107796015250265
10_k23.csv,0.0
10_k24.csv,5.80102988554893
10_k25.csv,0.0
10_k26.csv,5.491102851489126
10_k27.csv,7.017973922711885
10_k28.csv,6.375539900500389
10_k29.csv,6.999677143336226
10_k3.csv,8.072617997667535
10_k30.csv,0.0
10_k31.csv,6.580085033214324
10_k32.csv,6.567682291473514
10_k33.csv,6.88887622398366
10_k34.csv,5.206826131038345
10_k35.csv,6.567682291473514
10_k36.csv,5.055515222963246
10_k4.csv,4.900000031322452
10_k5.csv,0.0
10_k6.csv,4.706506147933342
10_k7.csv,7.380388360487906
10_k8.csv,8.072617997667535
10_k9.csv,0.0
11_k0.csv,5.135257217523955
11_k1.csv,5.116675295169062
11_k10.csv,5.5674614368789355
11_k11.csv,7.658213053826769
11_k12.csv,0.0
11_k13.csv,5.548527027008807
11_k14.csv,5.8548698715756
11_k15.csv,7.320305510267814
11_k16.csv,0.0
11_k17.csv,5.608579773800263
11_k18.csv,5.95342345451703
11_k19.csv,0.0
11_k2.csv,5.1324625539248006
11_k20.csv,0.0
11_k21.csv,0.0
11_k22.csv,5.536525341505325
11_k23.csv,0.0
11_k24.csv,4.902178646221922
11_k25.csv,0.0
11_k26.csv,5.8530509518499105
11_k27.csv,5.342441087628005
11_k28.csv,5.75467462228335
11_k29.csv,5.59653519121033
11_k3.csv,7.853919400755026
11_k30.csv,0.0
11_k31.csv,6.313002461396186
11_k32.csv,4.830580001131989
11_k33.csv,5.241134088507419
11_k34.csv,5.262246457051561
11_k35.csv,4.830580001131989
11_k36.csv,5.733146857648681
11_k4.csv,0.0
11_k5.csv,0.0
11_k6.csv,3.8965115402092727
11_k7.csv,5.133228939671163
11_k8.csv,7.853919400755026
11_k9.csv,0.0
12_k0.csv,0.0
12_k1.csv,0.0
12_k10.csv,5.488747155802967
12_k11.csv,6.62881379937619
12_k12.csv,8.89880215799544
12_k13.csv,6.531151250762149
12_k14.csv,5.145427600430348
12_k15.csv,5.966198512859885
12_k16.csv,8.89880215799544
12_k17.csv,6.526653116972618
12_k18.csv,5.144655930635366
12_k19.csv,0.0
12_k2.csv,4.690332335429653
12_k20.csv,0.0
12_k21.csv,0.0
12_k22.csv,0.0
12_k23.csv,0.0
12_k24.csv,6.107601669837879
12_k25.csv,0.0
12_k26.csv,5.145671656475005
12_k27.csv,4.887054611108926
12_k28.csv,5.538499797721213
12_k29.csv,6.022320138677774
12_k3.csv,7.459569701779669
12_k30.csv,0.0
12_k31.csv,0.0
12_k32.csv,0.0
12_k33.csv,5.307209508023871
12_k34.csv,5.068993132567337
12_k35.csv,0.0
12_k36.csv,6.073592647554871
12_k4.csv,15.878028620237279
12_k5.csv,0.0
12_k6.csv,9.798537054917993
12_k7.csv,4.698141353010669
12_k8.csv,7.450805440934654
12_k9.csv,0.0
13_k0.csv,4.89871182723247
13_k1.csv,4.884925355039021
13_k10.csv,5.479452909284187
13_k11.csv,7.329447168255177
13_k12.csv,0.0
13_k13.csv,5.35233335190537
13_k14.csv,5.193586525982618
13_k15.csv,7.891480402927291
13_k16.csv,0.0
13_k17.csv,5.363798213758656
13_k18.csv,5.180084790844375
13_k19.csv,0.0
13_k2.csv,4.934753312868535
13_k20.csv,0.0
13_k21.csv,0.0
13_k22.csv,8.08594000390618
13_k23.csv,0.0
13_k24.csv,6.213916345955134
13_k25.csv,0.0
13_k26.csv,4.700446665427491
13_k27.csv,7.782402121033911
13_k28.csv,5.028121883885498
13_k29.csv,6.034908415421523
13_k3.csv,6.9074745298827365
13_k30.csv,0.0
13_k31.csv,5.344392683411962
13_k32.csv,4.872496326755724
13_k33.csv,4.24159745437734
13_k34.csv,3.7669706546043926
13_k35.csv,4.872496326755724
13_k36.csv,4.002607471598597
13_k4.csv,7.6548836662182795
13_k5.csv,0.0
13_k6.csv,6.221967456061233
13_k7.csv,4.945768862510215
13_k8.csv,6.9074745298827365
13_k9.csv,0.0
14_k0.csv,5.99458373910854
14_k1.csv,5.9941824190524295
14_k10.csv,5.167935494074733
14_k11.csv,8.465917448951036
14_k12.csv,5.1881698994715695
14_k13.csv,6.0891855222454305
14_k14.csv,5.297020766301844
14_k15.csv,5.922890085522943
14_k16.csv,5.1371480045117135
14_k17.csv,6.091177234818092
14_k18.csv,5.12683537519376
14_k19.csv,0.0
14_k2.csv,5.656377608796071
14_k20.csv,0.0
14_k21.csv,0.0
14_k22.csv,4.500000009805172
14_k23.csv,0.0
14_k24.csv,6.502814679304204
14_k25.csv,0.0
14_k26.csv,5.197468990262144
14_k27.csv,6.3512455207908864
14_k28.csv,6.11560692157655
14_k29.csv,6.571786417002189
14_k3.csv,6.099401664797084
14_k30.csv,0.0
14_k31.csv,5.473549511253856
14_k32.csv,5.451959151597799
14_k33.csv,6.323536165483701
14_k34.csv,5.418489968612262
14_k35.csv,5.45664475279636
14_k36.csv,6.32084713670539
14_k4.csv,6.292710159116792
14_k5.csv,0.0
14_k6.csv,6.200469983064546
14_k7.csv,5.676345139470917
14_k8.csv,6.099401664797084
14_k9.csv,0.0
15_k0.csv,5.3852962936262205
15_k1.csv,5.4229527669495745
15_k10.csv,5.053416355023152
15_k11.csv,7.542491267832776
15_k12.csv,0.0
15_k13.csv,5.017036954807551
15_k14.csv,5.968250663929625
15_k15.csv,7.893922584324235
15_k16.csv,0.0
15_k17.csv,5.0296230223585505
15_k18.csv,6.087835317388093
15_k19.csv,0.0
15_k2.csv,5.0448364610433165
15_k20.csv,0.0
15_k21.csv,0.0
15_k22.csv,6.341791669148959
15_k23.csv,0.0
15_k24.csv,3.8250838099718827
15_k25.csv,0.0
15_k26.csv,5.414433473210542
15_k27.csv,6.03651128963539
15_k28.csv,4.772612272079095
15_k29.csv,7.645753956248593
15_k3.csv,6.0711298948200145
15_k30.csv,0.0
15_k31.csv,4.9874799665679665
15_k32.csv,4.579398061874935
15_k33.csv,4.5258395139577425
15_k34.csv,4.982347010849175
15_k35.csv,4.568302224615975
15_k36.csv,6.506431352076502
15_k4.csv,5.547242625171157
15_k5.csv,0.0
15_k6.csv,5.035733571753964
15_k7.csv,4.878392768056528
15_k8.csv,6.0711298948200145
15_k9.csv,0.0
16_k0.csv,6.272973349827507
16_k1.csv,6.236853510885452
16_k10.csv,5.15492678842443
16_k11.csv,6.214209724005585
16_k12.csv,7.1773388559410956
16_k13.csv,5.144714805212087
16_k14.csv,6.126469006986395
16_k15.csv,6.200621072992723
16_k16.csv,7.1773388559410956
16_k17.csv,5.14041703177378
16_k18.csv,6.10507864609732
16_k19.csv,0.0
16_k2.csv,5.347687118310859
16_k20.csv,0.0
16_k21.csv,0.0
16_k22.csv,6.949001101769496
16_k23.csv,0.0
16_k24.csv,4.752383524033562
16_k25.csv,0.0
16_k26.csv,5.368552299944898
16_k27.csv,6.380278239436358
16_k28.csv,5.711618264572624
16_k29.csv,5.208237433704539
16_k3.csv,6.675983880637515
16_k30.csv,0.0
16_k31.csv,0.0
16_k32.csv,5.389358353649234
16_k33.csv,5.812733852561119
16_k34.csv,5.379227108538554
16_k35.csv,5.373079249360692
16_k36.csv,5.646426756279389
16_k4.csv,9.65547109550684
16_k5.csv,0.0
16_k6.csv,6.952572257140493
16_k7.csv,5.349987259829967
16_k8.csv,6.629847653058475
16_k9.csv,0.0
17_k0.csv,5.2385640574316
17_k1.csv,5.162699020240502
17_k10.csv,5.362470470420908
17_k11.csv,6.049442524487256
17_k12.csv,0.0
17_k13.csv,5.092929048898142
17_k14.csv,6.474918666142725
17_k15.csv,5.246727052569618
17_k16.csv,0.0
17_k17.csv,5.086931749473297
17_k18.csv,6.087549096059692
17_k19.csv,0.0
17_k2.csv,4.263884431225715
17_k20.csv,0.0
17_k21.csv,0.0
17_k22.csv,5.451295320071162
17_k23.csv,0.0
17_k24.csv,4.931201403743252
17_k25.csv,0.0
17_k26.csv,5.576327424156069
17_k27.csv,5.96931462584882
17_k28.csv,5.355269620181531
17_k29.csv,6.85356139776647
17_k3.csv,4.855297130335954
17_k30.csv,0.0
17_k31.csv,0.0
17_k32.csv,0.0
17_k33.csv,5.196236708189559
17_k34.csv,4.819295342578012
17_k35.csv,0.0
17_k36.csv,5.6844591963218996
17_k4.csv,5.628512847049557
17_k5.csv,0.0
17_k6.csv,5.612198711428139
17_k7.csv,4.264271913752801
17_k8.csv,4.855297130335954
17_k9.csv,0.0
18_k0.csv,6.177376898304506
18_k1.csv,6.180867668859933
18_k10.csv,5.257339109621255
18_k11.csv,7.866632717478133
18_k12.csv,6.251470415354907
18_k13.csv,6.221843187648352
18_k14.csv,4.347290372455691
18_k15.csv,6.441289198734626
18_k16.csv,6.45058320531886
18_k17.csv,6.248881861275025
18_k18.csv,4.2300556708126695
18_k19.csv,0.0
18_k2.csv,5.989046422886287
18_k20.csv,0.0
18_k21.csv,0.0
18_k22.csv,9.320377593721354
18_k23.csv,0.0
18_k24.csv,6.816880101128644
18_k25.csv,0.0
18_k26.csv,4.747999952930917
18_k27.csv,6.464772864053756
18_k28.csv,5.480922398706443
18_k29.csv,5.243136786714348
18_k3.csv,5.537252866580548
18_k30.csv,0.0
18_k31.csv,4.8521929701175335
18_k32.csv,4.500094539132075
18_k33.csv,5.753028645222536
18_k34.csv,5.689432582851784
18_k35.csv,4.502378078649164
18_k36.csv,5.060047864546029
18_k4.csv,6.68776605255796
18_k5.csv,0.0
18_k6.csv,4.6151278838755365
18_k7.csv,5.987477737538513
18_k8.csv,5.537252866580548
18_k9.csv,0.0
19_k0.csv,0.0
19_k1.csv,0.0
19_k10.csv,5.23909103174572
19_k11.csv,5.653849810120362
19_k12.csv,6.670268449393756
19_k13.csv,5.207301135815533
19_k14.csv,5.655972184791229
19_k15.csv,6.161255265646475
19_k16.csv,6.826410923080876
19_k17.csv,5.208424779867127
19_k18.csv,5.645377071279975
19_k19.csv,0.0
19_k2.csv,5.026510128475384
19_k20.csv,0.0
19_k21.csv,0.0
19_k22.csv,0.0
19_k23.csv,0.0
19_k24.csv,4.791831063678218
19_k25.csv,0.0
19_k26.csv,5.008910007710977
19_k27.csv,6.134313934967287
19_k28.csv,4.854435478952823
19_k29.csv,4.998241466523008
19_k3.csv,7.436206963055892
19_k30.csv,0.0
19_k31.csv,0.0
19_k32.csv,4.990203315471857
19_k33.csv,4.778121037589998
19_k34.csv,6.1521982321159525
19_k35.csv,4.990988686171773
19_k36.csv,4.63516402277967
19_k4.csv,6.990278157238312
19_k5.csv,0.0
19_k6.csv,6.382476701972039
19_k7.csv,5.027185560137707
19_k8.csv,7.4462874505352765
19_k9.csv,0.0
1_k0.csv,5.078692348466676
1_k1.csv,5.086324692787878
1_k10.csv,6.8419140876807365
1_k11.csv,6.893197776553157
1_k12.csv,0.0
1_k13.csv,6.9263577555106295
1_k14.csv,8.013422701611947
1_k15.csv,7.067776795070831
1_k16.csv,0.0
1_k17.csv,6.90792543837331
1_k18.csv,8.013422701611947
1_k19.csv,0.0
1_k2.csv,3.9648000582253946
1_k20.csv,0.0
1_k21.csv,0.0
1_k22.csv,5.589346134136667
1_k23.csv,0.0
1_k24.csv,4.449900147610338
1_k25.csv,0.0
1_k26.csv,6.6746098871203525
1_k27.csv,7.852285598686536
1_k28.csv,6.462761339862638
1_k29.csv,7.222311768692478
1_k3.csv,7.754200603454995
1_k30.csv,0.0
1_k31.csv,4.943167104107938
1_k32.csv,3.3399636291906436
1_k33.csv,4.695027653894603
1_k34.csv,5.198341309086126
1_k35.csv,3.3399636291906436
1_k36.csv,6.8791240497467765
1_k4.csv,0.0
1_k5.csv,0.0
1_k6.csv,0.0
1_k7.csv,3.9648000582253946
1_k8.csv,7.754200603454995
1_k9.csv,0.0
20_k0.csv,0.0
20_k1.csv,0.0
20_k10.csv,7.238617265241102
20_k11.csv,7.386245252528988
20_k12.csv,9.367914220848032
20_k13.csv,7.452493367624968
20_k14.csv,6.32646099317493
20_k15.csv,8.208886951807564
20_k16.csv,9.367914220848032
20_k17.csv,7.404266984634091
20_k18.csv,6.321407897848044
20_k19.csv,0.0
20_k2.csv,5.582687770893962
20_k20.csv,0.0
20_k21.csv,0.0
20_k22.csv,0.0
20_k23.csv,0.0
20_k24.csv,4.698350271852859
20_k25.csv,0.0
20_k26.csv,6.319799409140928
20_k27.csv,5.993313382907179
20_k28.csv,5.97549328057277
20_k29.csv,6.793812764854355
20_k3.csv,8.461984520140211
20_k30.csv,0.0
20_k31.csv,0.0
20_k32.csv,0.0
20_k33.csv,5.640594489913622
20_k34.csv,5.536324128891012
20_k35.csv,0.0
20_k36.csv,5.669939106861889
20_k4.csv,10.400040477367234
20_k5.csv,0.0
20_k6.csv,7.220188454011431
20_k7.csv,5.587335106131285
20_k8.csv,8.461984520140211
20_k9.csv,0.0
21_k0.csv,0.0
21_k1.csv,0.0
21_k10.csv,4.809175935364479
21_k11.csv,7.212567651481564
21_k12.csv,4.69806356083996
21_k13.csv,5.431379814703353
21_k14.csv,4.831271586365389
21_k15.csv,6.394094542139189
21_k16.csv,5.106848936039541
21_k17.csv,5.380560278413284
21_k18.csv,4.8336004441538325
21_k19.csv,0.0
21_k2.csv,4.612903604573735
21_k20.csv,0.0
21_k21.csv,0.0
21_k22.csv,0.0
21_k23.csv,0.0
21_k24.csv,4.492239668476819
21_k25.csv,0.0
21_k26.csv,4.848078674945778
21_k27.csv,6.110167882498811
21_k28.csv,6.0710898317616815
21_k29.csv,5.24307164011719
21_k3.csv,6.207770230173243
21_k30.csv,0.0
21_k31.csv,0.0
21_k32.csv,0.0
21_k33.csv,5.622385943157082
21_k34.csv,5.058902490860826
21_k35.csv,0.0
21_k36.csv,5.330657531017746
21_k4.csv,8.641318718061779
21_k5.csv,0.0
21_k6.csv,7.454195309647192
21_k7.csv,4.6119539531104214
21_k8.csv,6.310130073535349
21_k9.csv,0.0
22_k0.csv,5.107584665067823
22_k1.csv,5.11235483210482
22_k10.csv,5.153085540257225
22_k11.csv,6.997069052845721
22_k12.csv,6.433721188564271
22_k13.csv,5.255485100456683
22_k14.csv,4.873120825982986
22_k15.csv,6.662400288435451
22_k16.csv,6.433797329121568
22_k17.csv,5.2543720218922845
22_k18.csv,4.831848816207293
22_k19.csv,0.0
22_k2.csv,5.115527690587838
22_k20.csv,0.0
22_k21.csv,0.0
22_k22.csv,5.5706035775246985
22_k23.csv,0.0
22_k24.csv,4.843120615781557
22_k25.csv,0.0
22_k26.csv,4.771634259850939
22_k27.csv,5.6448824620220535
22_k28.csv,4.799503564874567
22_k29.csv,5.099782853081296
22_k3.csv,5.385381719896772
22_k30.csv,0.0
22_k31.csv,0.0
22_k32.csv,5.012202892898461
22_k33.csv,4.409553929616355
22_k34.csv,5.428358489919283
22_k35.csv,5.013710460229162
22_k36.csv,4.906821892548029
22_k4.csv,8.24376089082571
22_k5.csv,0.0
22_k6.csv,6.4145267270387345
22_k7.csv,5.115772820981738
22_k8.csv,5.385381719896772
22_k9.csv,0.0
23_k0.csv,5.742104635006141
23_k1.csv,5.740312775020006
23_k10.csv,4.828485976305583
23_k11.csv,6.628980088288066
23_k12.csv,5.462932486311605
23_k13.csv,7.195837554394222
23_k14.csv,7.0954438756313944
23_k15.csv,5.492761460466579
23_k16.csv,5.525860717887967
23_k17.csv,7.206147807978485
23_k18.csv,7.142403130424736
23_k19.csv,0.0
23_k2.csv,5.995211214079307
23_k20.csv,0.0
23_k21.csv,0.0
23_k22.csv,4.570507591560848
23_k23.csv,0.0
23_k24.csv,5.597014102602047
23_k25.csv,0.0
23_k26.csv,4.155891873236886
23_k27.csv,4.855345256822102
23_k28.csv,4.0320151295297775
23_k29.csv,5.608220899896533
23_k3.csv,6.272528272400701
23_k30.csv,0.0
23_k31.csv,5.67644945854312
23_k32.csv,5.757196686282143
23_k33.csv,5.683200224116154
23_k34.csv,5.611518577002445
23_k35.csv,5.762155393326781
23_k36.csv,4.841474326065453
23_k4.csv,6.366376451634009
23_k5.csv,0.0
23_k6.csv,4.402342246727605
23_k7.csv,6.006301768387838
23_k8.csv,6.263805946910142
23_k9.csv,0.0
24_k0.csv,5.118285263590085
24_k1.csv,5.133869479854605
24_k10.csv,5.543382975522367
24_k11.csv,7.042139969270786
24_k12.csv,0.0
24_k13.csv,5.6044443261159
24_k14.csv,6.384546605666529
24_k15.csv,7.7319596646545135
24_k16.csv,0.0
24_k17.csv,5.61243095348445
24_k18.csv,6.336778660257187
24_k19.csv,0.0
24_k2.csv,4.968063488644234
24_k20.csv,0.0
24_k21.csv,0.0
24_k22.csv,7.217815140441945
24_k23.csv,0.0
24_k24.csv,5.751480754206756
24_k25.csv,0.0
24_k26.csv,3.5100842438930098
24_k27.csv,5.709709627778965
24_k28.csv,5.157162798978322
24_k29.csv,5.069737757203453
24_k3.csv,7.482787133752533
24_k30.csv,0.0
24_k31.csv,4.154923760016169
24_k32.csv,5.015073115797559
24_k33.csv,5.148489161059742
24_k34.csv,5.169793650538241
24_k35.csv,5.009707194985754
24_k36.csv,4.314107180710322
24_k4.csv,0.0
24_k5.csv,0.0
24_k6.csv,4.81819445452558e-15
24_k7.csv,4.968063488644234
24_k8.csv,7.459220450226693
24_k9.csv,0.0
25_k0.csv,5.737197045014503
25_k1.csv,5.702478379519247
25_k10.csv,5.723710046933592
25_k11.csv,6.960192258173058
25_k12.csv,0.0
25_k13.csv,6.503631740000437
25_k14.csv,5.6544986680369025
25_k15.csv,7.683051491265738
25_k16.csv,0.0
25_k17.csv,6.462692497068551
25_k18.csv,5.632660863768168
25_k19.csv,0.0
25_k2.csv,5.50797174520827
25_k20.csv,0.0
25_k21.csv,0.0
25_k22.csv,6.813151314849943
25_k23.csv,0.0
25_k24.csv,6.409198480194341
25_k25.csv,0.0
25_k26.csv,6.801381748021821
25_k27.csv,7.091426366689815
25_k28.csv,6.783880621820205
25_k29.csv,6.572939552733235
25_k3.csv,6.701705437258907
25_k30.csv,0.0
25_k31.csv,6.389632552806826
25_k32.csv,5.174625173347035
25_k33.csv,6.000761521745853
25_k34.csv,6.192560548324998
25_k35.csv,5.101677679185701
25_k36.csv,6.1811845906646585
25_k4.csv,8.439550811667589
25_k5.csv,0.0
25_k6.csv,6.95923777948824
25_k7.csv,5.595736007411525
25_k8.csv,6.701705437258907
25_k9.csv,0.0
26_k0.csv,4.778644544521753
26_k1.csv,4.746969670844505
26_k10.csv,5.875309752745425
26_k11.csv,5.780139342740515
26_k12.csv,0.0
26_k13.csv,6.060418963788644
26_k14.csv,7.9101748196232
26_k15.csv,6.7999728450501955
26_k16.csv,0.0
26_k17.csv,6.008212207525607
26_k18.csv,7.896002497818079
26_k19.csv,0.0
26_k2.csv,4.719110493021501
26_k20.csv,0.0
26_k21.csv,0.0
26_k22.csv,9.688324549723749
26_k23.csv,0.0
26_k24.csv,5.090820154506245
26_k25.csv,0.0
26_k26.csv,4.7939297459922585
26_k27.csv,7.6702428788909245
26_k28.csv,4.644807530203549
26_k29.csv,6.128821273124333
26_k3.csv,7.039906734792347
26_k30.csv,0.0
26_k31.csv,5.156136049159883
26_k32.csv,4.647464978226066
26_k33.csv,5.134411399468673
26_k34.csv,5.157918972489256
26_k35.csv,4.645087924235549
26_k36.csv,5.002565950313957
26_k4.csv,7.74954453412101
26_k5.csv,0.0
26_k6.csv,5.740231911512025
26_k7.csv,4.668451841332426
26_k8.csv,7.043057499685522
26_k9.csv,0.0
27_k0.csv,6.183140216906397
27_k1.csv,6.1963690375431
27_k10.csv,6.043706522880907
27_k11.csv,7.499403098021591
27_k12.csv,4.364016758919797
27_k13.csv,6.652609887864272
27_k14.csv,6.399822191093631
27_k15.csv,6.324872421920545
27_k16.csv,4.364016758919797
27_k17.csv,6.6415480505548405
27_k18.csv,6.399822191093631
27_k19.csv,0.0
27_k2.csv,6.189736148199481
27_k20.csv,0.0
27_k21.csv,0.0
27_k22.csv,4.9000000216707
27_k23.csv,0.0
27_k24.csv,6.272986314147528
27_k25.csv,0.0
27_k26.csv,6.634767361938947
27_k27.csv,7.5836474464211285
27_k28.csv,7.200169590577501
27_k29.csv,6.901564628474348
27_k3.csv,6.685975680135559
27_k30.csv,0.0
27_k31.csv,5.712695174448927
27_k32.csv,5.857365489523495
27_k33.csv,4.880262334381351
27_k34.csv,5.111052438840016
27_k35.csv,5.857365489523495
27_k36.csv,5.139132835808342
27_k4.csv,0.0
27_k5.csv,0.0
27_k6.csv,0.0
27_k7.csv,6.189736148199481
27_k8.csv,6.685975680135559
27_k9.csv,0.0
28_k0.csv,5.213034413875767
28_k1.csv,5.215434625474474
28_k10.csv,4.750280572652062
28_k11.csv,6.988021705357673
28_k12.csv,0.0
28_k13.csv,6.334344650324335
28_k14.csv,4.505439056670392
28_k15.csv,6.736026874066089
28_k16.csv,0.0
28_k17.csv,6.344251058498872
28_k18.csv,4.474770460844481
28_k19.csv,0.0
28_k2.csv,4.742157882319404
28_k20.csv,0.0
28_k21.csv,0.0
28_k22.csv,7.280977089229336
28_k23.csv,0.0
28_k24.csv,6.276882884487847
28_k25.csv,0.0
28_k26.csv,5.1131697797111695
28_k27.csv,3.7602504509154735
28_k28.csv,4.980094393990164
28_k29.csv,6.415154380848839
28_k3.csv,6.195935767993865
28_k30.csv,0.0
28_k31.csv,0.0
28_k32.csv,6.981045869611691
28_k33.csv,5.531121390996366
28_k34.csv,5.685361498302094
28_k35.csv,6.980767287881237
28_k36.csv,5.58593232759277
28_k4.csv,9.157628137514205
28_k5.csv,0.0
28_k6.csv,5.927026407951716
28_k7.csv,4.742504051097738
28_k8.csv,6.2135921995757135
28_k9.csv,0.0
29_k0.csv,6.084603417284588
29_k1.csv,6.07033625453387
29_k10.csv,6.650943148748708
29_k11.csv,6.768938164581782
29_k12.csv,7.764541925171189
29_k13.csv,8.541253965423074
29_k14.csv,0.0
29_k15.csv,9.094185778773161
29_k16.csv,7.776507772064474
29_k17.csv,8.642026867007234
29_k18.csv,0.0
29_k19.csv,0.0
29_k2.csv,6.96358976466783
29_k20.csv,0.0
29_k21.csv,0.0
29_k22.csv,7.743435956163406
29_k23.csv,10.492312069008149
29_k24.csv,6.076786337462282
29_k25.csv,0.0
29_k26.csv,8.753910166001932
29_k27.csv,8.880647894500491
29_k28.csv,8.966801985928823
29_k29.csv,8.886994844336115
29_k3.csv,8.129957198729072
29_k30.csv,0.0
29_k31.csv,9.194301254010986
29_k32.csv,6.325883264152134
29_k33.csv,6.8692964701975745
29_k34.csv,7.464423499934882
29_k35.csv,6.32588751376676
29_k36.csv,0.0
29_k4.csv,10.688951748928952
29_k5.csv,0.0
29_k6.csv,7.973157128985773
29_k7.csv,6.946883704339122
29_k8.csv,8.129957198729072
29_k9.csv,10.492312069008149
2_k0.csv,5.354768335069047
2_k1.csv,4.700481060877528
2_k10.csv,4.413419224283618
2_k11.csv,5.602415444846344
2_k12.csv,4.891671713560587
2_k13.csv,5.279855786863414
2_k14.csv,5.346578260794993
2_k15.csv,6.077017200419729
2_k16.csv,4.808970092169014
2_k17.csv,5.444037085524594
2_k18.csv,5.3659068439626205
2_k19.csv,0.0
2_k2.csv,4.606389923099154
2_k20.csv,0.0
2_k21.csv,0.0
2_k22.csv,8.543223901650922
2_k23.csv,0.0
2_k24.csv,5.863934928511169
2_k25.csv,0.0
2_k26.csv,5.095654841070581
2_k27.csv,6.14427954935445
2_k28.csv,5.613516348516453
2_k29.csv,5.429569163758252
2_k3.csv,4.987058608406912
2_k30.csv,0.0
2_k31.csv,0.0
2_k32.csv,0.0
2_k33.csv,5.1723427117910985
2_k34.csv,4.8795554607123846
2_k35.csv,0.0
2_k36.csv,4.490225417155856
2_k4.csv,8.184156910359077
2_k5.csv,0.0
2_k6.csv,6.950882326978261
2_k7.csv,4.616018545489384
2_k8.csv,4.987058608406912
2_k9.csv,0.0
30_k0.csv,5.743692610196412
30_k1.csv,5.735798221813525
30_k10.csv,5.114748777593389
30_k11.csv,7.153517331178549
30_k12.csv,0.0
30_k13.csv,5.284173628992925
30_k14.csv,5.976841175509126
30_k15.csv,7.590946308935552
30_k16.csv,0.0
30_k17.csv,5.264205482261211
30_k18.csv,5.976841175509126
30_k19.csv,0.0
30_k2.csv,5.677133137962576
30_k20.csv,0.0
30_k21.csv,0.0
30_k22.csv,11.02381629354444
30_k23.csv,0.0
30_k24.csv,7.455464422969824
30_k25.csv,0.0
30_k26.csv,7.168190950659499
30_k27.csv,5.512843456116143
30_k28.csv,7.164781744167279
30_k29.csv,6.310905921765871
30_k3.csv,8.343909196724013
30_k30.csv,0.0
30_k31.csv,6.286678820919582
30_k32.csv,5.541725840349328
30_k33.csv,5.677727179991639
30_k34.csv,7.046320386927484
30_k35.csv,5.5416284082756615
30_k36.csv,6.195878523318233
30_k4.csv,0.0
30_k5.csv,0.0
30_k6.csv,0.0
30_k7.csv,5.677133137962576
30_k8.csv,8.343909196724013
30_k9.csv,0.0
31_k0.csv,4.750024326865518
31_k1.csv,4.78493183173807
31_k10.csv,5.1429454030099535
31_k11.csv,7.983712705336163
31_k12.csv,0.0
31_k13.csv,4.849227905694753
31_k14.csv,5.282099472529469
31_k15.csv,7.229690042348016
31_k16.csv,0.0
31_k17.csv,4.854369370926429
31_k18.csv,5.2937642268297225
31_k19.csv,0.0
31_k2.csv,5.045691894320667
31_k20.csv,0.0
31_k21.csv,0.0
31_k22.csv,6.7571079245386265
31_k23.csv,0.0
31_k24.csv,4.556714271897514
31_k25.csv,0.0
31_k26.csv,5.38733744063703
31_k27.csv,5.653687906386359
31_k28.csv,4.618788816462531
31_k29.csv,6.115616207578084
31_k3.csv,6.626680499644376
31_k30.csv,0.0
31_k31.csv,6.617173921600776
31_k32.csv,4.939564947162169
31_k33.csv,5.042788845364563
31_k34.csv,5.190449325866728
31_k35.csv,4.938258898259476
31_k36.csv,4.866095258756973
31_k4.csv,2.200000019486765
31_k5.csv,0.0
31_k6.csv,3.9127125908086575
31_k7.csv,5.006672128216996
31_k8.csv,6.626680499644376
31_k9.csv,0.0
32_k0.csv,4.15226279134582
32_k1.csv,4.169229788034064
32_k10.csv,5.441926765254615
32_k11.csv,7.00438564429529
32_k12.csv,0.0
32_k13.csv,5.970920247790413
32_k14.csv,6.402885001684374
32_k15.csv,6.969816562350704
32_k16.csv,0.0
32_k17.csv,6.1585026592196765
32_k18.csv,6.390441491018981
32_k19.csv,0.0
32_k2.csv,4.149961411729378
32_k20.csv,0.0
32_k21.csv,0.0
32_k22.csv,6.063011422426621
32_k23.csv,0.0
32_k24.csv,4.234477392529243
32_k25.csv,0.0
32_k26.csv,4.721707637254483
32_k27.csv,5.798163636088219
32_k28.csv,5.024580346051314
32_k29.csv,5.568794711084447
32_k3.csv,5.818100132834719
32_k30.csv,0.0
32_k31.csv,0.0
32_k32.csv,4.5111755088528795
32_k33.csv,5.229579566653904
32_k34.csv,4.051389110876993
32_k35.csv,4.502695554450751
32_k36.csv,5.076576730944484
32_k4.csv,7.04542114646713
32_k5.csv,0.0
32_k6.csv,3.7653233765541883
32_k7.csv,4.152015527830674
32_k8.csv,5.818100132834719
32_k9.csv,0.0
33_k0.csv,5.198252376482611
33_k1.csv,5.195212578177423
33_k10.csv,5.211275600021009
33_k11.csv,7.943786955894455
33_k12.csv,0.0
33_k13.csv,5.211275600021009
33_k14.csv,0.0
33_k15.csv,7.951250129824666
33_k16.csv,0.0
33_k17.csv,5.222909889808498
33_k18.csv,0.0
33_k19.csv,0.0
33_k2.csv,5.2512510259059715
33_k20.csv,0.0
33_k21.csv,0.0
33_k22.csv,9.42555457337671
33_k23.csv,0.0
33_k24.csv,5.6557364762397375
33_k25.csv,0.0
33_k26.csv,5.714846175985808
33_k27.csv,7.781954888781488
33_k28.csv,5.812339699897057
33_k29.csv,6.753166130790862
33_k3.csv,7.394113235458008
33_k30.csv,0.0
33_k31.csv,6.764278319172347
33_k32.csv,5.261598695698045
33_k33.csv,4.624640449859656
33_k34.csv,4.9057989488923335
33_k35.csv,5.261598695698045
33_k36.csv,5.265613337445993
33_k4.csv,0.0
33_k5.csv,0.0
33_k6.csv,4.81819445452558e-15
33_k7.csv,5.2512510259059715
33_k8.csv,7.394113235458008
33_k9.csv,0.0
34_k0.csv,6.726091927244754
34_k1.csv,7.133854042387165
34_k10.csv,7.235173274143189
34_k11.csv,7.835223508724091
34_k12.csv,0.0
34_k13.csv,7.359904053074869
34_k14.csv,6.6581619104274425
34_k15.csv,7.80633011810181
34_k16.csv,0.0
34_k17.csv,7.336239116985031
34_k18.csv,6.611163581322316
34_k19.csv,0.0
34_k2.csv,7.237150524132236
34_k20.csv,0.0
34_k21.csv,0.0
34_k22.csv,6.221862718948068
34_k23.csv,0.0
34_k24.csv,8.428343446265739
34_k25.csv,0.0
34_k26.csv,5.673487028914704
34_k27.csv,7.551516368230018
34_k28.csv,7.118462673336273
34_k29.csv,7.942858337576905
34_k3.csv,8.879755409662312
34_k30.csv,0.0
34_k31.csv,5.377899323528791
34_k32.csv,7.2760593506362055
34_k33.csv,5.382359682048977
34_k34.csv,6.951810597411546
34_k35.csv,7.2760593506362055
34_k36.csv,7.004332434911234
34_k4.csv,8.927502390467556
34_k5.csv,0.0
34_k6.csv,8.1978958631013
34_k7.csv,7.176946039133194
34_k8.csv,8.879755409662312
34_k9.csv,0.0
35_k0.csv,4.666100040773971
35_k1.csv,4.645257678216493
35_k10.csv,5.5517251763548785
35_k11.csv,6.430374698838848
35_k12.csv,0.0
35_k13.csv,5.605472644420656
35_k14.csv,5.862248318067962
35_k15.csv,6.507758201485157
35_k16.csv,0.0
35_k17.csv,5.622038051117903
35_k18.csv,5.830253836935507
35_k19.csv,0.0
35_k2.csv,4.35586593897094
35_k20.csv,0.0
35_k21.csv,0.0
35_k22.csv,10.945145961553477
35_k23.csv,0.0
35_k24.csv,3.8000841379702983
35_k25.csv,0.0
35_k26.csv,6.001987432364258
35_k27.csv,7.525393041761743
35_k28.csv,5.797098035255573
35_k29.csv,5.458907021029961
35_k3.csv,7.381137758113954
35_k30.csv,0.0
35_k31.csv,5.2370823459238265
35_k32.csv,4.461109787645852
35_k33.csv,4.75726442337203
35_k34.csv,5.038734200086275
35_k35.csv,4.461109787645852
35_k36.csv,5.251673137879824
35_k4.csv,8.70243955053471
35_k5.csv,0.0
35_k6.csv,7.004319858205393
35_k7.csv,4.347270610363478
35_k8.csv,7.381137758113954
35_k9.csv,0.0
36_k0.csv,5.04853382377
36_k1.csv,5.035210975802262
36_k10.csv,5.100594929628808
36_k11.csv,6.516566499708113
36_k12.csv,4.86985649278216
36_k13.csv,5.120493126221492
36_k14.csv,6.635723492139163
36_k15.csv,6.465414611890202
36_k16.csv,4.848995155585441
36_k17.csv,5.119625977172782
36_k18.csv,6.644789751260642
36_k19.csv,0.0
36_k2.csv,5.144219670710171
36_k20.csv,0.0
36_k21.csv,0.0
36_k22.csv,4.489605519280755
36_k23.csv,0.0
36_k24.csv,5.255995368968771
36_k25.csv,0.0
36_k26.csv,4.719820939811308
36_k27.csv,6.1354998410426775
36_k28.csv,4.724652234431946
36_k29.csv,5.967017658284736
36_k3.csv,6.019171438561447
36_k30.csv,0.0
36_k31.csv,0.0
36_k32.csv,0.0
36_k33.csv,4.791180639868417
36_k34.csv,5.173282942321927
36_k35.csv,0.0
36_k36.csv,5.434181743227928
36_k4.csv,7.635877316332657
36_k5.csv,0.0
36_k6.csv,7.189420001584993
36_k7.csv,5.132364784948409
36_k8.csv,6.019171438561447
36_k9.csv,0.0
37_k0.csv,4.882582611770465
37_k1.csv,4.895840271804581
37_k10.csv,5.466019501721971
37_k11.csv,7.553915033878326
37_k12.csv,0.0
37_k13.csv,5.3728643123980415
37_k14.csv,5.183989517302975
37_k15.csv,7.157605799545298
37_k16.csv,0.0
37_k17.csv,5.338293392700036
37_k18.csv,5.197238374127124
37_k19.csv,0.0
37_k2.csv,5.372331943799669
37_k20.csv,0.0
37_k21.csv,0.0
37_k22.csv,7.240573802053385
37_k23.csv,0.0
37_k24.csv,4.528961682222733
37_k25.csv,0.0
37_k26.csv,5.293000491416237
37_k27.csv,6.227880060024762
37_k28.csv,5.830529755795124
37_k29.csv,6.099942611256207
37_k3.csv,6.05512106705145
37_k30.csv,0.0
37_k31.csv,4.539444723057729
37_k32.csv,4.919891644551583
37_k33.csv,4.313471545601854
37_k34.csv,4.723248985657577
37_k35.csv,4.919891644551583
37_k36.csv,4.903300550511861
37_k4.csv,0.0
37_k5.csv,0.0
37_k6.csv,4.81819445452558e-15
37_k7.csv,5.372331943799669
37_k8.csv,6.05512106705145
37_k9.csv,0.0
38_k0.csv,4.528968678694782
38_k1.csv,4.51483103731563
38_k10.csv,5.025717063461328
38_k11.csv,6.5379124687764705
38_k12.csv,11.388398536811945
38_k13.csv,5.021529069218822
38_k14.csv,5.549461344004079
38_k15.csv,4.506936184416841
38_k16.csv,11.388398536811945
38_k17.csv,5.050521520964466
38_k18.csv,5.120528502908375
38_k19.csv,0.0
38_k2.csv,4.1459315061086155
38_k20.csv,0.0
38_k21.csv,0.0
38_k22.csv,8.659004975518313
38_k23.csv,0.0
38_k24.csv,5.024313956191361
38_k25.csv,0.0
38_k26.csv,5.763185778858369
38_k27.csv,7.3335127929719315
38_k28.csv,5.698027159524197
38_k29.csv,6.788226994674946
38_k3.csv,5.98228273890643
38_k30.csv,0.0
38_k31.csv,5.253559074049598
38_k32.csv,4.330067456727641
38_k33.csv,5.060313967866418
38_k34.csv,5.079785681021855
38_k35.csv,4.3365169966853525
38_k36.csv,4.458307859900725
38_k4.csv,12.625422966019382
38_k5.csv,0.0
38_k6.csv,7.995201211985237
38_k7.csv,4.138027812555908
38_k8.csv,5.98228273890643
38_k9.csv,0.0
39_k0.csv,5.421901896858731
39_k1.csv,5.43144969019634
39_k10.csv,4.662350209274873
39_k11.csv,6.649371216741996
39_k12.csv,9.05119651886487
39_k13.csv,5.49111775862261
39_k14.csv,6.065734596719718
39_k15.csv,5.783140875313878
39_k16.csv,9.05119651886487
39_k17.csv,5.4406854480776605
39_k18.csv,6.065734596719718
39_k19.csv,0.0
39_k2.csv,5.5312098560455825
39_k20.csv,0.0
39_k21.csv,0.0
39_k22.csv,13.200775752634712
39_k23.csv,0.0
39_k24.csv,7.6124006988521105
39_k25.csv,0.0
39_k26.csv,6.02851413745915
39_k27.csv,7.231772546863511
39_k28.csv,6.20006293259295
39_k29.csv,6.533851485002673
39_k3.csv,6.423129638377342
39_k30.csv,0.0
39_k31.csv,6.733017586213021
39_k32.csv,4.883975597455866
39_k33.csv,4.9371459590928835
39_k34.csv,5.580686430061022
39_k35.csv,4.828931319029827
39_k36.csv,5.099956341658613
39_k4.csv,7.689212561956106
39_k5.csv,0.0
39_k6.csv,6.714934401764794
39_k7.csv,5.543839068745326
39_k8.csv,6.423129638377342
39_k9.csv,0.0
3_k0.csv,5.771084286007409
3_k1.csv,5.75876908294235
3_k10.csv,5.169194366104555
3_k11.csv,7.5474782489301155
3_k12.csv,11.384453624083118
3_k13.csv,5.200746469952059
3_k14.csv,5.082117233907251
3_k15.csv,6.814198505470134
3_k16.csv,11.384453624083118
3_k17.csv,5.203792997792963
3_k18.csv,5.076755609553502
3_k19.csv,0.0
3_k2.csv,5.384134325877688
3_k20.csv,0.0
3_k21.csv,0.0
3_k22.csv,7.212322829019273
3_k23.csv,0.0
3_k24.csv,4.844429529933289
3_k25.csv,0.0
3_k26.csv,5.40247956165002
3_k27.csv,6.825356833290112
3_k28.csv,5.742236299246244
3_k29.csv,6.859344551530687
3_k3.csv,7.083603911201276
3_k30.csv,0.0
3_k31.csv,0.0
3_k32.csv,5.974058275892512
3_k33.csv,5.195017659681706
3_k34.csv,5.06964679743194
3_k35.csv,5.992415312293222
3_k36.csv,5.372917977373476
3_k4.csv,8.005125259425984
3_k5.csv,0.0
3_k6.csv,6.039773975872145
3_k7.csv,5.380931150868848
3_k8.csv,7.083603911201276
3_k9.csv,0.0
40_k0.csv,5.318699025106026
40_k1.csv,5.299388271909225
40_k10.csv,5.760966159442018
40_k11.csv,6.240012552868769
40_k12.csv,0.0
40_k13.csv,5.665045143646713
40_k14.csv,5.5903220548895325
40_k15.csv,6.459733110866172
40_k16.csv,0.0
40_k17.csv,5.662501796347468
40_k18.csv,5.566751489561589
40_k19.csv,0.0
40_k2.csv,5.088572144698422
40_k20.csv,0.0
40_k21.csv,0.0
40_k22.csv,7.758118855306838
40_k23.csv,0.0
40_k24.csv,4.898129492692299
40_k25.csv,0.0
40_k26.csv,5.947958229309874
40_k27.csv,6.56863506322985
40_k28.csv,5.788368467674607
40_k29.csv,6.644123520682103
40_k3.csv,6.131212177416285
40_k30.csv,0.0
40_k31.csv,4.637439203755421
40_k32.csv,4.786648457051676
40_k33.csv,5.108749294383618
40_k34.csv,5.0722792870797715
40_k35.csv,4.789358745748954
40_k36.csv,5.706862458136119
40_k4.csv,6.371883985472613
40_k5.csv,0.0
40_k6.csv,6.073086848843001
40_k7.csv,5.114259192648637
40_k8.csv,6.131212177416285
40_k9.csv,0.0
41_k0.csv,5.258392227523996
41_k1.csv,5.249157256955683
41_k10.csv,5.948347819210159
41_k11.csv,6.941587280723502
41_k12.csv,5.888510187759655
41_k13.csv,5.695197414056979
41_k14.csv,5.395697775932177
41_k15.csv,7.677850380892705
41_k16.csv,5.869823605053519
41_k17.csv,5.714202431298822
41_k18.csv,5.359734782554714
41_k19.csv,0.0
41_k2.csv,5.976264769486464
41_k20.csv,0.0
41_k21.csv,7.258472493304937
41_k22.csv,6.311420960865992
41_k23.csv,0.0
41_k24.csv,5.695355769336059
41_k25.csv,0.0
41_k26.csv,6.016156453069473
41_k27.csv,5.974991178286668
41_k28.csv,6.195554206750212
41_k29.csv,5.698504453308672
41_k3.csv,6.494454096437887
41_k30.csv,0.0
41_k31.csv,7.435238283363963
41_k32.csv,6.1665783650566
41_k33.csv,5.2499978007438965
41_k34.csv,7.057483468148766
41_k35.csv,6.20637435484116
41_k36.csv,5.626329784627019
41_k4.csv,8.146731790884617
41_k5.csv,0.0
41_k6.csv,6.787327830568634
41_k7.csv,6.022384054774951
41_k8.csv,6.494454096437887
41_k9.csv,0.0
42_k0.csv,5.283896260311449
42_k1.csv,5.237086255985314
42_k10.csv,4.676156578892127
42_k11.csv,6.449187566212147
42_k12.csv,0.0
42_k13.csv,4.560256528271601
42_k14.csv,6.176532798322164
42_k15.csv,6.889776513223473
42_k16.csv,0.0
42_k17.csv,4.4980727204136945
42_k18.csv,6.202809561838383
42_k19.csv,0.0
42_k2.csv,5.041466118170821
42_k20.csv,0.0
42_k21.csv,0.0
42_k22.csv,7.542271651590187
42_k23.csv,0.0
42_k24.csv,5.122580559834891
42_k25.csv,0.0
42_k26.csv,5.5692335074341806
42_k27.csv,6.634099946385394
42_k28.csv,4.4891096795598076
42_k29.csv,6.756473210599477
42_k3.csv,7.147239888422172
42_k30.csv,0.0
42_k31.csv,6.122769883471999
42_k32.csv,5.360170831100699
42_k33.csv,4.77719941795978
42_k34.csv,5.2739564793826315
42_k35.csv,5.368315811114603
42_k36.csv,5.416618635817871
42_k4.csv,7.473146355127938
42_k5.csv,0.0
42_k6.csv,5.671159543021906
42_k7.csv,5.048091016154388
42_k8.csv,7.147239888422172
42_k9.csv,0.0
43_k0.csv,6.841951956773896
43_k1.csv,6.831069976180239
43_k10.csv,6.1137712969477285
43_k11.csv,6.374805571622747
43_k12.csv,0.0
43_k13.csv,6.1137712969477285
43_k14.csv,0.0
43_k15.csv,6.551729458030378
43_k16.csv,0.0
43_k17.csv,6.111567914157668
43_k18.csv,0.0
43_k19.csv,0.0
43_k2.csv,6.012272172529333
43_k20.csv,0.0
43_k21.csv,0.0
43_k22.csv,9.726372361722047
43_k23.csv,0.0
43_k24.csv,7.929594795669087
43_k25.csv,0.0
43_k26.csv,6.326919015446829
43_k27.csv,6.696799838278746
43_k28.csv,6.181727839431666
43_k29.csv,5.7379498979537775
43_k3.csv,5.738317110409953
43_k30.csv,0.0
43_k31.csv,5.253548657670245
43_k32.csv,6.383220643793077
43_k33.csv,5.810677786190339
43_k34.csv,4.803179615572694
43_k35.csv,6.404294035323798
43_k36.csv,5.6955905005818135
43_k4.csv,10.398261316591295
43_k5.csv,0.0
43_k6.csv,6.848435638199036
43_k7.csv,6.012722411813356
43_k8.csv,5.738317110409953
43_k9.csv,0.0
44_k0.csv,4.650733479105571
44_k1.csv,4.64709794245092
44_k10.csv,5.833738997398155
44_k11.csv,6.351688293813819
44_k12.csv,0.0
44_k13.csv,5.737259778520202
44_k14.csv,4.482264980026695
44_k15.csv,5.857218826064654
44_k16.csv,0.0
44_k17.csv,5.857225511157562
44_k18.csv,4.495564369066332
44_k19.csv,0.0
44_k2.csv,4.976490623732666
44_k20.csv,0.0
44_k21.csv,0.0
44_k22.csv,5.367229681910804
44_k23.csv,0.0
44_k24.csv,5.708071233396816
44_k25.csv,0.0
44_k26.csv,4.622905151066207
44_k27.csv,6.829958205091889
44_k28.csv,5.606970689296564
44_k29.csv,5.097105596648543
44_k3.csv,5.953149168771539
44_k30.csv,0.0
44_k31.csv,5.3320515682146805
44_k32.csv,5.115858582538035
44_k33.csv,5.410363682246935
44_k34.csv,5.822209146663104
44_k35.csv,5.114114258606257
44_k36.csv,5.200105636444793
44_k4.csv,7.592727347257278
44_k5.csv,0.0
44_k6.csv,6.080586010646099
44_k7.csv,4.964557186710601
44_k8.csv,5.953149168771539
44_k9.csv,0.0
45_k0.csv,5.103555717357071
45_k1.csv,5.121197446443643
45_k10.csv,4.770609133322919
45_k11.csv,6.980915329396979
45_k12.csv,0.0
45_k13.csv,4.574058388734987
45_k14.csv,5.3650928762722225
45_k15.csv,6.876361977660686
45_k16.csv,0.0
45_k17.csv,4.33405424766776
45_k18.csv,5.360789176191813
45_k19.csv,0.0
45_k2.csv,4.445999707951956
45_k20.csv,0.0
45_k21.csv,0.0
45_k22.csv,5.278661961166897
45_k23.csv,0.0
45_k24.csv,6.456278628940443
45_k25.csv,0.0
45_k26.csv,6.238512346494717
45_k27.csv,9.057437075980058
45_k28.csv,6.289721935254738
45_k29.csv,8.134084002200401
45_k3.csv,6.100575083038874
45_k30.csv,0.0
45_k31.csv,6.329754260110535
45_k32.csv,5.057309748188095
45_k33.csv,5.670963515575034
45_k34.csv,4.78045000241592
45_k35.csv,5.057309748188095
45_k36.csv,5.7676299879638275
45_k4.csv,9.339970002925435
45_k5.csv,0.0
45_k6.csv,6.680467419708232
45_k7.csv,4.437406799733518
45_k8.csv,6.100575083038874
45_k9.csv,0.0
46_k0.csv,5.129203995355477
46_k1.csv,5.134792020790818
46_k10.csv,6.160537571561907
46_k11.csv,6.774888445829284
46_k12.csv,6.488293079525738
46_k13.csv,6.42845317238263
46_k14.csv,5.194742733247614
46_k15.csv,6.713961663761427
46_k16.csv,6.351629582120426
46_k17.csv,6.407020175988446
46_k18.csv,5.181990443752308
46_k19.csv,0.0
46_k2.csv,5.333576301670988
46_k20.csv,0.0
46_k21.csv,6.682884284970412
46_k22.csv,8.145023178184143
46_k23.csv,0.0
46_k24.csv,6.395051500234763
46_k25.csv,0.0
46_k26.csv,6.1977105363380725
46_k27.csv,6.526296583741318
46_k28.csv,6.45101396031508
46_k29.csv,6.185687841811673
46_k3.csv,6.517734442340828
46_k30.csv,0.0
46_k31.csv,5.755990724824437
46_k32.csv,5.646532818812592
46_k33.csv,5.122804281758
46_k34.csv,5.648775561260154
46_k35.csv,5.6412020255628885
46_k36.csv,5.538957585129034
46_k4.csv,7.764687756420631
46_k5.csv,0.0
46_k6.csv,6.398006588311692
46_k7.csv,5.335519573471325
46_k8.csv,6.517734442340828
46_k9.csv,0.0
47_k0.csv,4.872400686148307
47_k1.csv,4.8212230826002545
47_k10.csv,6.3939444849422165
47_k11.csv,7.173287765395047
47_k12.csv,6.3939444849422165
47_k13.csv,0.0
47_k14.csv,0.0
47_k15.csv,7.24347354841871
47_k16.csv,6.198139143493473
47_k17.csv,0.0
47_k18.csv,0.0
47_k19.csv,0.0
47_k2.csv,5.680263120625051
47_k20.csv,0.0
47_k21.csv,0.0
47_k22.csv,7.68202085354806
47_k23.csv,0.0
47_k24.csv,6.260860170959591
47_k25.csv,0.0
47_k26.csv,5.7569052210034535
47_k27.csv,8.729705431708442
47_k28.csv,6.7909423201838965
47_k29.csv,7.635281454885872
47_k3.csv,5.501706177624147
47_k30.csv,0.0
47_k31.csv,5.309223259910184
47_k32.csv,5.78639233983912
47_k33.csv,6.093009176936704
47_k34.csv,7.045870350356281
47_k35.csv,5.786066720353038
47_k36.csv,0.0
47_k4.csv,8.564340568203638
47_k5.csv,0.0
47_k6.csv,6.112363953910588
47_k7.csv,5.664283224962103
47_k8.csv,5.501706177624147
47_k9.csv,0.0
48_k0.csv,5.292486183328958
48_k1.csv,5.217546636173706
48_k10.csv,6.0461622445637655
48_k11.csv,6.375766482678659
48_k12.csv,0.0
48_k13.csv,5.286722533694151
48_k14.csv,6.310169314813123
48_k15.csv,5.457783587047329
48_k16.csv,0.0
48_k17.csv,5.422973753495969
48_k18.csv,6.392644761427085
48_k19.csv,0.0
48_k2.csv,5.156022961280192
48_k20.csv,0.0
48_k21.csv,0.0
48_k22.csv,7.0983113453973
48_k23.csv,0.0
48_k24.csv,5.473145563970724
48_k25.csv,0.0
48_k26.csv,5.465084337203251
48_k27.csv,6.309521672997108
48_k28.csv,5.084841342860209
48_k29.csv,6.8757292681481825
48_k3.csv,6.588381112398821
48_k30.csv,0.0
48_k31.csv,5.541279440749522
48_k32.csv,5.348671408310496
48_k33.csv,5.009503476226266
48_k34.csv,4.714144714349244
48_k35.csv,5.332763489411443
48_k36.csv,6.704445159465759
48_k4.csv,7.8084884721738845
48_k5.csv,0.0
48_k6.csv,6.558540035276535
48_k7.csv,5.165881328776073
48_k8.csv,6.526388204085778
48_k9.csv,0.0
49_k0.csv,5.1768252895856905
49_k1.csv,5.183507041922742
49_k10.csv,5.34033547258455
49_k11.csv,5.7503887643745
49_k12.csv,0.0
49_k13.csv,4.704654149690382
49_k14.csv,6.540162847832538
49_k15.csv,5.8280372705347965
49_k16.csv,0.0
49_k17.csv,4.715325848431365
49_k18.csv,6.520184134339196
49_k19.csv,0.0
49_k2.csv,5.26109996468553
49_k20.csv,0.0
49_k21.csv,0.0
49_k22.csv,6.8737186434172735
49_k23.csv,0.0
49_k24.csv,6.5183279055264425
49_k25.csv,0.0
49_k26.csv,4.939325028939432
49_k27.csv,7.070532025639331
49_k28.csv,4.862318149016191
49_k29.csv,7.976579573035515
49_k3.csv,7.5196729107218605
49_k30.csv,0.0
49_k31.csv,0.0
49_k32.csv,5.066994624563038
49_k33.csv,6.00488687697434
49_k34.csv,5.492801370382141
49_k35.csv,5.1296022434271675
49_k36.csv,5.3113568175672885
49_k4.csv,5.354587454553721
49_k5.csv,0.0
49_k6.csv,6.811053584452326
49_k7.csv,5.256839185429802
49_k8.csv,7.5196729107218605
49_k9.csv,0.0
4_k0.csv,4.818858111250515
4_k1.csv,4.805019076290302
4_k10.csv,7.180204612180085
4_k11.csv,8.266200366601945
4_k12.csv,0.0
4_k13.csv,7.091001922506938
4_k14.csv,6.200715165043948
4_k15.csv,8.084693960394384
4_k16.csv,0.0
4_k17.csv,7.082346391106632
4_k18.csv,6.238776315317207
4_k19.csv,0.0
4_k2.csv,6.646890172058222
4_k20.csv,0.0
4_k21.csv,0.0
4_k22.csv,9.463090942817205
4_k23.csv,0.0
4_k24.csv,4.797430209894465
4_k25.csv,0.0
4_k26.csv,7.29996902531001
4_k27.csv,6.587853529987202
4_k28.csv,4.708819502419088
4_k29.csv,6.202525394440555
4_k3.csv,8.019802812409774
4_k30.csv,0.0
4_k31.csv,6.104775247060094
4_k32.csv,6.851105528844191
4_k33.csv,4.49705262491767
4_k34.csv,4.488448018913874
4_k35.csv,6.818169798094697
4_k36.csv,8.205347970248985
4_k4.csv,7.3452445906358115
4_k5.csv,0.0
4_k6.csv,5.5347735907543605
4_k7.csv,6.639347472625926
4_k8.csv,8.019802812409774
4_k9.csv,0.0
50_k0.csv,5.8524172508583225
50_k1.csv,5.854491558977328
50_k10.csv,6.2991715219602185
50_k11.csv,7.229549407976307
50_k12.csv,0.0
50_k13.csv,5.655139998458725
50_k14.csv,5.970883218489964
50_k15.csv,6.4858623494500796
50_k16.csv,0.0
50_k17.csv,5.686570735179978
50_k18.csv,5.998798571737914
50_k19.csv,0.0
50_k2.csv,5.7283649749686285
50_k20.csv,0.0
50_k21.csv,0.0
50_k22.csv,10.697274149532392
50_k23.csv,0.0
50_k24.csv,5.2960405212162085
50_k25.csv,0.0
50_k26.csv,6.445779355756123
50_k27.csv,7.279541486966925
50_k28.csv,7.024444315613091
50_k29.csv,8.427185470219404
50_k3.csv,7.226276589980434
50_k30.csv,0.0
50_k31.csv,4.530736548623233
50_k32.csv,5.437301145756523
50_k33.csv,5.533668720350482
50_k34.csv,5.259294998416587
50_k35.csv,5.385856026150841
50_k36.csv,5.665767540698683
50_k4.csv,9.496719556049962
50_k5.csv,0.0
50_k6.csv,7.250196737410571
50_k7.csv,5.723296141456818
50_k8.csv,7.226276589980434
50_k9.csv,0.0
51_k0.csv,5.4373099974910835
51_k1.csv,5.421081069038541
51_k10.csv,4.993055903617578
51_k11.csv,6.1172797488017485
51_k12.csv,5.766168896940175
51_k13.csv,5.751846358780606
51_k14.csv,7.5028668704991945
51_k15.csv,6.38159019486379
51_k16.csv,5.766168896940175
51_k17.csv,5.672158090068596
51_k18.csv,7.740314113246437
51_k19.csv,0.0
51_k2.csv,5.378426429499844
51_k20.csv,0.0
51_k21.csv,0.0
51_k22.csv,5.957677221235435
51_k23.csv,0.0
51_k24.csv,9.283478535657222
51_k25.csv,0.0
51_k26.csv,7.91179213846694
51_k27.csv,6.887545875717056
51_k28.csv,7.073489966415449
51_k29.csv,7.95039136259583
51_k3.csv,6.187627637990953
51_k30.csv,0.0
51_k31.csv,6.810174628551535
51_k32.csv,4.779145126342426
51_k33.csv,5.194849385689054
51_k34.csv,5.225676104230209
51_k35.csv,4.769314891573236
51_k36.csv,6.678982029433757
51_k4.csv,7.829390306359114
51_k5.csv,0.0
51_k6.csv,7.7846054789067685
51_k7.csv,5.451899018462828
51_k8.csv,6.187627637990953
51_k9.csv,0.0
52_k0.csv,5.2566549880056765
52_k1.csv,5.262944378191698
52_k10.csv,5.132175189055213
52_k11.csv,6.919074713618253
52_k12.csv,8.573269763378686
52_k13.csv,5.76778481722725
52_k14.csv,5.392467466900655
52_k15.csv,7.0438037803183535
52_k16.csv,7.428326906465285
52_k17.csv,5.647941999616751
52_k18.csv,5.390930307808052
52_k19.csv,0.0
52_k2.csv,6.137015945693261
52_k20.csv,0.0
52_k21.csv,0.0
52_k22.csv,4.162815704268274
52_k23.csv,0.0
52_k24.csv,4.7365964505841145
52_k25.csv,0.0
52_k26.csv,5.296560599182099
52_k27.csv,6.211998281196247
52_k28.csv,5.5274872731595766
52_k29.csv,5.263267110710182
52_k3.csv,6.3270523191161505
52_k30.csv,0.0
52_k31.csv,5.478424831561208
52_k32.csv,6.084508229575348
52_k33.csv,4.931563519712419
52_k34.csv,4.988294270171534
52_k35.csv,6.100291446656317
52_k36.csv,5.859193773005141
52_k4.csv,7.816660170230239
52_k5.csv,0.0
52_k6.csv,5.560888024536337
52_k7.csv,6.143696621171044
52_k8.csv,6.3270523191161505
52_k9.csv,0.0
53_k0.csv,5.385857156836782
53_k1.csv,5.414515224125063
53_k10.csv,4.787852861121569
53_k11.csv,7.375008788303922
53_k12.csv,0.0
53_k13.csv,4.342145720788621
53_k14.csv,6.091653908171793
53_k15.csv,7.112754670857148
53_k16.csv,0.0
53_k17.csv,3.1337432531964033
53_k18.csv,6.151277943733603
53_k19.csv,0.0
53_k2.csv,5.56628337354216
53_k20.csv,0.0
53_k21.csv,0.0
53_k22.csv,5.025375216286323
53_k23.csv,0.0
53_k24.csv,5.640495510554641
53_k25.csv,0.0
53_k26.csv,6.173918209940806
53_k27.csv,6.713955933348719
53_k28.csv,5.2220879421598525
53_k29.csv,7.726405551404703
53_k3.csv,6.4246189442233685
53_k30.csv,0.0
53_k31.csv,5.7173189920156915
53_k32.csv,6.387741070311188
53_k33.csv,4.829209061650819
53_k34.csv,5.535712265512857
53_k35.csv,6.391120873438294
53_k36.csv,4.941615445545596
53_k4.csv,5.666416447978804
53_k5.csv,0.0
53_k6.csv,5.355494042743911
53_k7.csv,5.552428568925289
53_k8.csv,6.4246189442233685
53_k9.csv,0.0
5_k0.csv,5.525486741309236
5_k1.csv,5.490586258744537
5_k10.csv,4.716820736915182
5_k11.csv,5.824454882504412
5_k12.csv,0.0
5_k13.csv,5.1931711102367295
5_k14.csv,5.5090278730890505
5_k15.csv,6.570304725956606
5_k16.csv,0.0
5_k17.csv,5.179302231866994
5_k18.csv,5.5090278730890505
5_k19.csv,0.0
5_k2.csv,6.008323010709829
5_k20.csv,0.0
5_k21.csv,0.0
5_k22.csv,9.526053036456643
5_k23.csv,0.0
5_k24.csv,6.07971777837389
5_k25.csv,0.0
5_k26.csv,5.233170103130603
5_k27.csv,5.435123774537943
5_k28.csv,5.54280722983163
5_k29.csv,6.594333421730503
5_k3.csv,6.045458937980392
5_k30.csv,0.0
5_k31.csv,6.93056236546638
5_k32.csv,6.032628783288998
5_k33.csv,5.609916225233415
5_k34.csv,5.405197211071022
5_k35.csv,6.032829450531795
5_k36.csv,5.197103402715055
5_k4.csv,7.58772074284557
5_k5.csv,0.0
5_k6.csv,5.823704206907608
5_k7.csv,6.006108541672687
5_k8.csv,6.045458937980392
5_k9.csv,0.0
6_k0.csv,4.919268398390928
6_k1.csv,4.874507461067399
6_k10.csv,6.484358935697224
6_k11.csv,9.991679806607317
6_k12.csv,10.506133015807954
6_k13.csv,5.8055206783243865
6_k14.csv,6.606611774889161
6_k15.csv,7.636241718944445
6_k16.csv,10.506133015807954
6_k17.csv,5.753247366930924
6_k18.csv,6.972990992723285
6_k19.csv,0.0
6_k2.csv,4.665245531724094
6_k20.csv,0.0
6_k21.csv,0.0
6_k22.csv,8.850532439785347
6_k23.csv,0.0
6_k24.csv,5.070224079789795
6_k25.csv,0.0
6_k26.csv,6.561381356020974
6_k27.csv,8.038252731436835
6_k28.csv,6.267715867769578
6_k29.csv,8.11900312613949
6_k3.csv,6.833319763267026
6_k30.csv,0.0
6_k31.csv,6.25014429530511
6_k32.csv,5.08151718233639
6_k33.csv,4.627628827418218
6_k34.csv,5.912543190502425
6_k35.csv,5.101806615925842
6_k36.csv,4.834309382327975
6_k4.csv,7.825484260390544
6_k5.csv,0.0
6_k6.csv,6.716012313655653
6_k7.csv,4.7609038945654705
6_k8.csv,6.833319763267026
6_k9.csv,0.0
7_k0.csv,6.862418085432725
7_k1.csv,6.879129879094392
7_k10.csv,7.162912144175214
7_k11.csv,6.954616453304229
7_k12.csv,0.0
7_k13.csv,7.289906716413861
7_k14.csv,7.612594258424073
7_k15.csv,7.4393690505727985
7_k16.csv,0.0
7_k17.csv,7.290046565863656
7_k18.csv,7.648010766274381
7_k19.csv,0.0
7_k2.csv,7.398417117910815
7_k20.csv,0.0
7_k21.csv,0.0
7_k22.csv,18.419829805999086
7_k23.csv,0.0
7_k24.csv,5.4638595041765265
7_k25.csv,0.0
7_k26.csv,8.734299260984281
7_k27.csv,10.012438288266232
7_k28.csv,8.071651063191407
7_k29.csv,6.894094113164673
7_k3.csv,10.277069831278197
7_k30.csv,0.0
7_k31.csv,7.058745103079603
7_k32.csv,6.753290755627261
7_k33.csv,5.693628590530875
7_k34.csv,8.05763326282624
7_k35.csv,6.669877986754563
7_k36.csv,7.859316055065715
7_k4.csv,4.900000020198962
7_k5.csv,0.0
7_k6.csv,6.430546491858945
7_k7.csv,7.398902602482228
7_k8.csv,10.277069831278197
7_k9.csv,0.0
8_k0.csv,5.430992187099568
8_k1.csv,5.316202462401725
8_k10.csv,5.560020234372858
8_k11.csv,8.289248642030167
8_k12.csv,0.0
8_k13.csv,5.314247363737377
8_k14.csv,6.327141544044712
8_k15.csv,8.559377158628108
8_k16.csv,0.0
8_k17.csv,5.2781703997850125
8_k18.csv,6.327141544044712
8_k19.csv,0.0
8_k2.csv,5.832072134899021
8_k20.csv,0.0
8_k21.csv,0.0
8_k22.csv,11.642262675209247
8_k23.csv,0.0
8_k24.csv,8.31645994051569
8_k25.csv,0.0
8_k26.csv,5.577880277476779
8_k27.csv,6.271115855201488
8_k28.csv,4.5314941413070455
8_k29.csv,5.770960410542027
8_k3.csv,6.378646944914994
8_k30.csv,0.0
8_k31.csv,7.088901185676763
8_k32.csv,0.0
8_k33.csv,5.107171332784356
8_k34.csv,5.138570778992744
8_k35.csv,0.0
8_k36.csv,4.81604774225017
8_k4.csv,7.2744084427485545
8_k5.csv,0.0
8_k6.csv,7.425014960406199
8_k7.csv,5.801207733924549
8_k8.csv,6.317794088047439
8_k9.csv,0.0
9_k0.csv,5.14883712633113
9_k1.csv,5.133597909528612
9_k10.csv,6.1182975546170875
9_k11.csv,7.504982795748522
9_k12.csv,7.232190312252576
9_k13.csv,4.986624088325447
9_k14.csv,5.370885324262445
9_k15.csv,7.5035034180717854
9_k16.csv,7.232190312252576
9_k17.csv,4.790497585507336
9_k18.csv,5.402792200633705
9_k19.csv,0.0
9_k2.csv,5.501449286700494
9_k20.csv,0.0
9_k21.csv,0.0
9_k22.csv,8.795367256533915
9_k23.csv,0.0
9_k24.csv,5.788606626961677
9_k25.csv,0.0
9_k26.csv,4.713442908667666
9_k27.csv,6.18618746513317
9_k28.csv,6.000504038931925
9_k29.csv,4.910050969765445
9_k3.csv,6.906524679575467
9_k30.csv,0.0
9_k31.csv,6.04249559602475
9_k32.csv,5.741088842576517
9_k33.csv,6.361284282046658
9_k34.csv,6.149962955737239
9_k35.csv,5.710321861068343
9_k36.csv,5.3992970343663425
9_k4.csv,7.861242117523996
9_k5.csv,0.0
9_k6.csv,5.42842937907888
9_k7.csv,5.51496308519742
9_k8.csv,6.906524679575467
9_k9.csv,0.0
